CustomerID,Recency,Frequency,Monetary,CLV_90d
12346,255,1,77183.6,0.0
12347,59,5,2790.86,1519.14
12348,5,4,1797.24,0.0
12350,240,1,334.4,0.0
12352,2,7,2194.31,311.73
12353,134,1,89.0,0.0
12354,162,1,1079.4,0.0
12355,144,1,459.4,0.0
12356,175,2,2753.08,58.349999999999994
12358,80,1,484.86,683.2
12359,119,3,3495.73,2876.85
12360,42,2,1618.28,1043.78
12361,217,1,189.9,0.0
12362,2,5,2577.34,2648.89
12363,39,2,552.0,0.0
12364,8,2,703.72,609.38
12365,221,2,641.38,0.0
12370,204,3,2806.41,739.28
12372,1,3,1298.04,0.0
12373,241,1,364.6,0.0
12375,28,1,230.3,227.20000000000002
12377,245,2,1628.12,0.0
12378,59,1,4008.62,0.0
12379,11,2,852.24,0.0
12380,8,2,1233.56,1491.25
12381,49,1,1268.74,576.57
12383,114,5,1850.56,0.0
12384,51,1,292.69,292.58
12386,267,2,401.9,0.0
12388,5,5,2494.26,286.4
12390,9,1,549.84,0.0
12393,2,4,1582.6000000000001,0.0
12394,147,1,381.08,891.4
12395,42,8,1899.57,1119.06
12397,65,1,1214.81,1195.09
12399,49,4,1108.65,0.0
12401,233,1,84.3,0.0
12402,253,1,225.6,0.0
12405,78,1,1710.39,0.0
12406,113,1,1621.25,1794.05
12407,64,4,1407.3600000000001,300.76
12408,28,4,2134.0499999999997,754.5
12409,8,3,11072.67,0.0
12410,238,2,693.3299999999999,0.0
12412,4,3,1226.88,0.0
12413,166,2,563.9,194.20000000000002
12414,147,3,562.41,0.0
12415,29,15,102087.88,22826.649999999998
12417,36,7,2816.52,832.58
12418,42,1,668.58,0.0
12421,44,3,628.56,178.48
12422,25,3,803.5600000000001,0.0
12423,30,7,1650.67,0.0
12424,92,2,1760.96,0.0
12425,8,1,777.2,0.0
12426,124,1,582.73,0.0
12427,301,1,303.5,522.3
12428,50,8,7548.12,408.34000000000003
12429,102,3,2844.88,905.52
12431,49,11,4874.57,1612.88
12432,100,3,4016.66,1042.66
12433,21,3,6395.23,4341.95
12434,14,2,806.14,0.0
12435,9,2,7829.89,0.0
12436,29,1,509.01,0.0
12437,8,12,3034.0099999999998,1917.4
12438,70,1,890.0699999999999,2016.78
12441,296,1,173.55,0.0
12444,15,3,3189.81,1815.65
12447,173,1,476.49,0.0
12449,21,3,2724.58,1342.71
12450,86,2,197.88,0.0
12451,148,2,5307.82,3727.7
12453,64,1,707.09,0.0
12455,3,6,2466.86,0.0
12456,61,2,2265.4,915.64
12457,11,6,2166.88,196.35
12458,1,2,947.4,0.0
12461,24,2,826.88,0.0
12462,233,1,762.11,427.48
12463,105,3,985.79,358.99
12464,36,6,780.55,431.5
12465,99,1,440.94,301.25
12468,117,2,729.5400000000001,0.0
12471,8,21,11780.16,8043.89
12472,68,5,4927.6,1644.51
12473,44,2,1186.25,2752.2999999999997
12474,28,13,4362.06,3013.73
12476,14,7,3725.27,3091.15
12477,30,3,8834.03,4385.71
12480,73,3,2144.95,1136.6799999999998
12481,109,8,4101.76,1494.56
12483,28,6,1624.06,860.9200000000001
12484,30,4,3663.15,878.57
12488,5,1,553.39,745.27
12489,266,1,334.93,0.0
12490,23,6,3552.59,1865.3400000000001
12492,35,1,126.39000000000001,136.82
12493,95,2,433.74,0.0
12494,91,5,868.86,377.24
12497,11,1,1043.1,0.0
12500,36,6,1773.8400000000001,2483.98
12501,266,1,2169.39,0.0
12502,25,5,3723.87,0.0
12506,162,1,73.5,0.0
12507,64,3,1304.81,0.0
12509,214,1,176.5,0.0
12510,72,2,982.5699999999999,0.0
12513,42,1,612.29,0.0
12514,197,1,1017.68,0.0
12515,283,1,383.7,0.0
12516,7,2,1312.06,0.0
12517,3,3,1955.9,546.94
12518,7,2,849.73,868.02
12520,9,5,2634.26,0.0
12521,72,1,599.68,0.0
12523,9,8,1142.13,647.64
12524,92,6,3122.48,1363.24
12526,24,1,520.3,519.28
12527,11,3,348.71000000000004,0.0
12528,44,4,1287.37,646.11
12530,53,3,1221.65,440.63
12534,60,1,1089.18,0.0
12535,21,2,716.35,0.0
12539,192,3,4517.69,1050.66
12540,7,13,10495.99,2904.25
12541,103,2,536.14,445.03999999999996
12545,5,2,1000.39,0.0
12546,7,1,760.2,401.3
12547,127,2,207.79999999999998,0.0
12548,96,1,95.19999999999999,0.0
12550,9,1,964.83,0.0
12551,287,1,168.0,0.0
12553,40,7,2419.59,1272.69
12556,81,1,312.9,290.81
12557,88,4,9000.960000000001,2990.0
12559,240,2,561.71,0.0
12560,42,2,1436.31,697.7
12561,232,1,238.85,0.0
12562,11,4,1993.8700000000001,1787.8700000000001
12564,191,1,456.9,0.0
12565,218,1,145.92,0.0
12566,16,1,351.65,0.0
12567,26,9,7849.98,1551.3
12569,22,15,2167.68,1957.01
12571,51,1,248.35,271.26
12573,157,1,160.54000000000002,0.0
12574,245,1,218.45,0.0
12576,25,4,936.55,379.28
12577,289,1,195.89,461.91
12578,260,1,1608.66,1185.85
12579,8,1,440.42,0.0
12580,176,1,415.7,0.0
12582,168,2,511.36,0.0
12583,9,10,4773.01,2508.37
12584,10,5,1062.39,1275.76
12585,164,2,2040.1,0.0
12589,74,1,131.5,515.1800000000001
12590,141,2,9864.26,0.0
12591,247,1,452.84999999999997,0.0
12592,22,2,437.6,0.0
12593,38,3,418.09999999999997,0.0
12594,51,8,2529.9,808.32
12596,172,1,269.95,348.32
12597,113,2,1428.81,2382.41
12598,1,5,1946.1399999999999,1076.94
12599,56,6,857.04,175.54000000000002
12600,14,9,2219.46,379.58000000000004
12601,119,5,577.0600000000001,0.0
12604,9,2,254.18,0.0
12609,8,3,1126.85,0.0
12610,36,2,1256.25,843.29
12612,4,1,704.0400000000001,0.0
12613,127,4,1462.52,1881.8600000000001
12614,207,1,315.6,0.0
12615,1,2,1211.3899999999999,1079.8
12616,25,2,713.3,0.0
12619,7,7,2760.38,880.86
12620,10,2,939.3199999999999,400.09
12621,11,17,11260.64,2429.03
12622,162,1,180.1,0.0
12623,206,1,305.1,0.0
12624,36,2,641.13,0.0
12625,141,2,2683.82,0.0
12626,42,6,4774.0,1846.48
12627,26,5,2727.83,1750.7
12633,59,3,1948.75,215.23000000000002
12635,19,2,1689.18,0.0
12637,21,7,5663.5,358.4
12639,168,1,486.1,0.0
12640,11,1,764.59,409.99
12641,45,1,185.9,0.0
12642,37,1,366.45,646.81
12643,58,6,3344.64,0.0
12644,59,1,477.91,0.0
12645,39,3,1310.8600000000001,464.32
12647,8,11,3401.67,321.15
12648,84,1,318.05,0.0
12649,37,3,623.51,0.0
12651,264,1,114.0,0.0
12652,261,1,919.98,0.0
12653,78,2,2209.85,0.0
12654,127,3,337.75,264.23
12656,2,4,3465.42,585.75
12657,8,1,618.44,1024.74
12662,37,7,2653.66,971.1700000000001
12664,17,4,2277.08,2604.8
12665,254,1,63.0,0.0
12668,189,3,2924.4700000000003,882.6800000000001
12669,80,3,2744.0299999999997,0.0
12670,28,3,1634.47,1361.58
12672,259,1,225.89999999999998,0.0
12673,256,1,220.9,389.62
12674,21,3,1402.0,568.6
12676,53,4,998.0500000000001,333.34000000000003
12678,8,10,8680.5,8947.96
12679,17,3,1000.7,112.32000000000001
12680,3,3,613.36,0.0
12681,7,16,10657.12,3130.42
12682,11,22,8799.21,3489.0099999999998
12683,22,12,6622.19,1854.3799999999999
12684,100,4,1379.48,904.15
12685,5,3,1829.02,1034.06
12686,301,1,89.14,0.0
12688,43,1,4873.8099999999995,0.0
12689,57,1,511.03,736.5799999999999
12690,135,1,389.01,0.0
12691,75,4,556.3,479.5
12693,57,4,855.91,0.0
12694,113,1,439.5,430.17
12695,37,2,333.90000000000003,248.2
12697,61,2,733.91,223.68
12700,86,2,2149.05,2790.94
12701,9,2,797.71,0.0
12703,1,1,283.55,0.0
12704,8,4,1346.47,994.37
12705,7,5,5005.14,1863.15
12707,221,1,603.42,0.0
12708,2,8,2399.14,313.77
12709,1,12,8055.62,1680.9
12710,26,3,1149.02,0.0
12712,36,11,3913.08,483.05
12714,36,4,3389.7,1319.16
12715,36,1,353.86,0.0
12716,63,1,677.9,375.59000000000003
12717,81,2,1030.98,0.0
12718,1,1,238.25,0.0
12720,10,18,3828.32,1953.41
12721,9,5,2041.81,614.3199999999999
12722,15,4,997.63,0.0
12724,11,3,823.1700000000001,208.24
12725,301,1,427.8,0.0
12726,16,6,1824.6399999999999,784.46
12727,25,6,3337.7,643.0
12728,1,4,836.33,0.0
12729,43,1,453.01,0.0
12731,15,9,13702.15,5193.76
12732,109,1,236.26000000000002,0.0
12733,164,1,383.95,0.0
12734,282,1,110.39999999999999,0.0
12735,245,2,779.5699999999999,0.0
12736,262,1,234.0,0.0
12738,302,1,155.35,0.0
12739,8,2,1013.04,0.0
12743,64,2,546.43,0.0
12744,74,5,14211.970000000001,7067.32
12747,39,8,2769.4,1426.6100000000001
12748,2,137,18202.97,15422.65
12749,60,3,2755.23,1335.65
12750,58,1,275.88,0.0
12752,11,1,4366.78,0.0
12753,65,5,16620.91,4808.48
12754,165,3,3010.74,0.0
12755,210,2,3811.95,0.0
12756,16,1,112.07999999999998,0.0
12757,72,7,5281.08,2576.02
12758,46,2,2791.59,0.0
12759,101,2,1082.52,448.92
12763,68,2,494.08,0.0
12764,246,1,1693.88,0.0
12766,79,5,4952.1900000000005,2037.44
12769,168,1,1143.6,0.0
12770,140,1,1351.45,0.0
12775,119,4,1164.68,221.36
12778,113,4,492.06,330.17
12779,119,7,2999.41,981.95
12781,214,1,549.26,277.48
12782,79,4,2078.67,252.25
12783,5,1,339.02,1886.8899999999999
12785,294,1,311.95,0.0
12787,21,2,344.65999999999997,119.0
12790,122,1,324.92,0.0
12791,303,1,192.60000000000002,0.0
12792,186,1,400.53999999999996,0.0
12793,264,2,545.48,0.0
12794,28,1,317.0,543.41
12797,295,1,254.03,0.0
12798,100,1,1607.04,5370.0
12802,116,1,427.58,0.0
12808,114,2,281.35,202.3
12809,107,1,489.31,0.0
12811,190,3,514.85,0.0
12814,31,1,125.92,0.0
12815,77,2,1063.46,0.0
12816,25,2,572.2,0.0
12817,211,1,166.04,0.0
12818,191,1,1542.08,0.0
12820,4,2,388.23,554.11
12821,144,1,92.72,0.0
12822,17,1,690.9,257.98
12823,4,5,1759.5,0.0
12826,1,5,1052.6200000000001,422.1
12828,29,3,415.51,603.2
12829,266,2,293.0,0.0
12830,21,5,6414.32,400.32000000000005
12831,192,1,215.05,0.0
12832,28,1,267.8,115.23
12833,75,1,417.38,0.0
12834,212,1,312.38,0.0
12836,67,3,2112.53,500.33000000000004
12837,103,1,134.1,0.0
12838,303,1,390.79,292.34000000000003
12839,1,10,3376.05,2215.37
12840,73,4,2726.77,0.0
12841,19,18,3071.51,950.84
12842,238,1,310.73,808.26
12843,89,7,1692.31,9.95
12844,60,1,174.88,151.08
12845,197,4,354.09,0.0
12849,198,1,704.5,346.39
12851,26,1,135.18,0.0
12852,224,1,311.55,0.0
12853,64,6,1957.1000000000001,0.0
12854,8,3,1324.5,0.0
12855,302,1,38.1,0.0
12857,140,2,1106.4,0.0
12864,68,1,147.12,0.0
12865,53,1,981.38,586.85
12866,213,1,559.12,0.0
12867,26,6,3025.74,1011.08
12868,115,6,1607.0600000000002,0.0
12871,14,2,380.64,0.0
12872,256,2,599.97,0.0
12873,212,1,374.0,0.0
12875,73,2,343.2300000000001,0.0
12876,126,1,726.43,1491.59
12877,8,10,1160.3700000000001,375.4
12878,166,2,854.99,0.0
12879,11,2,507.7,65.52000000000001
12881,205,1,298.0,0.0
12883,19,1,291.63,411.84000000000003
12884,18,1,309.05,0.0
12885,53,1,645.35,529.87
12886,149,1,775.0,603.4
12888,144,2,354.12,0.0
12891,115,3,331.0,0.0
12895,16,1,267.8,105.0
12897,134,2,216.5,0.0
12901,11,20,13159.27,4495.27
12902,194,1,138.68,0.0
12904,102,1,244.69,264.89
12906,8,2,1936.5900000000001,983.22
12908,106,2,750.0,0.0
12909,17,4,1857.35,321.32
12910,8,5,2050.18,1024.8600000000001
12913,212,3,866.39,1617.24
12915,78,2,363.65,0.0
12916,68,4,3006.15,0.0
12917,58,1,594.0,0.0
12919,46,3,441.65,893.54
12921,14,27,11395.98,5191.110000000001
12922,91,1,405.38,0.0
12924,18,4,933.7,0.0
12925,4,1,368.31,325.74
12928,77,3,1136.14,926.5600000000001
12929,241,1,117.85,0.0
12930,8,2,415.8,0.0
12931,31,11,32530.7,9525.26
12933,101,2,357.49,250.04
12935,39,4,1535.34,625.36
12936,8,1,798.46,265.44
12937,1,3,826.44,677.83
12939,9,6,9036.12,2545.68
12940,17,1,361.27,552.27
12942,61,3,683.9,0.0
12944,284,1,286.95,317.56
12945,218,1,462.95,0.0
12947,73,6,1603.99,0.0
12948,35,4,1423.96,640.99
12949,44,7,3449.42,717.8
12951,103,5,751.78,312.29
12952,8,1,731.54,656.25
12955,22,6,1843.36,2913.8
12956,236,1,108.07,0.0
12957,1,6,2640.7200000000003,1376.82
12962,43,1,170.54000000000002,95.85000000000001
12963,14,2,619.71,1236.92
12965,19,1,771.91,0.0
12967,288,2,1660.9,0.0
12968,42,1,135.95,0.0
12970,252,2,23.8,428.44
12971,3,67,8653.8,2536.11
12974,127,1,144.8,0.0
12976,141,1,738.6,0.0
12977,86,1,39.239999999999995,0.0
12980,87,9,7374.900000000001,0.0
12981,63,1,187.18,185.04
12982,172,1,390.54,0.0
12987,3,2,558.7,0.0
12988,222,1,535.32,0.0
12989,18,9,5107.06,1817.05
12990,115,2,263.9,145.6
12991,42,1,303.56,200.2
12993,50,3,372.4,42.36000000000001
12994,50,2,645.47,328.95
12995,15,1,211.32,0.0
12997,18,3,916.39,310.5
12999,126,3,455.88,0.0
13000,36,3,534.85,0.0
13001,88,11,8615.42,1203.3999999999999
13002,248,1,120.94999999999999,0.0
13003,35,3,149.05,0.0
13004,7,13,4125.3,1530.61
13005,103,2,513.7,0.0
13008,253,1,229.46999999999997,0.0
13011,302,1,50.550000000000004,0.0
13012,8,5,1205.8400000000001,456.0
13013,22,9,3686.09,1124.8500000000001
13014,4,6,2421.63,1044.65
13015,127,4,1763.04,1583.24
13016,3,3,789.89,0.0
13018,2,21,5678.17,1599.53
13021,96,4,1152.47,1463.91
13023,59,1,336.40000000000003,353.5
13026,22,3,604.2,371.16
13027,43,6,6912.0,0.0
13029,68,2,773.1999999999999,474.29999999999995
13030,298,1,427.74,371.74
13032,17,1,496.3,513.88
13033,287,1,190.55,0.0
13034,299,1,165.86,476.90999999999997
13035,3,2,921.88,0.0
13037,68,3,881.07,0.0
13038,10,3,908.46,0.0
13043,203,1,516.42,0.0
13044,221,1,560.47,0.0
13045,29,1,305.28000000000003,0.0
13046,196,1,197.72,431.59
13047,57,8,2682.01,555.53
13048,43,3,1375.05,460.86
13049,248,1,153.78,502.90000000000003
13050,36,13,4509.74,1327.12
13052,142,1,348.15000000000003,0.0
13055,8,3,1214.41,0.0
13058,81,1,47.550000000000004,223.85
13059,179,1,183.4,0.0
13060,183,1,307.53,0.0
13061,2,1,248.61,0.0
13062,121,1,346.98,0.0
13064,18,3,842.33,277.16
13065,303,1,205.86,0.0
13067,12,1,115.46000000000001,0.0
13068,249,1,165.0,179.0
13069,29,20,3874.7,281.18
13070,122,1,228.8,0.0
13072,196,1,177.15,0.0
13075,59,1,919.61,0.0
13077,220,3,577.44,151.83
13078,12,17,8412.65,4215.29
13079,5,3,172.4,47.7
13080,109,1,58.08,0.0
13081,73,8,18870.12,9467.26
13082,56,9,3613.63,0.0
13083,5,1,192.39,111.36
13085,87,2,416.08000000000004,0.0
13089,5,77,45649.16,13176.67
13090,66,9,4912.02,3998.8
13092,141,4,439.75,38.08
13093,205,8,7832.47,0.0
13094,10,11,1774.68,152.64000000000001
13097,7,9,5479.28,531.14
13098,17,19,17349.76,11532.68
13099,29,1,207.35999999999999,0.0
13101,164,1,101.19,0.0
13102,11,20,5292.84,1131.25
13104,15,4,579.0,519.48
13106,63,1,76.5,0.0
13107,15,3,1407.42,124.2
13108,302,1,350.06,0.0
13109,87,1,369.85,416.69
13110,67,5,1042.24,446.43
13113,43,20,10787.06,1119.7
13115,114,1,878.55,1416.23
13116,68,1,501.14,0.0
13117,51,7,841.77,143.14
13118,138,3,799.7,398.11
13120,168,1,30.599999999999998,0.0
13121,199,1,283.73,0.0
13122,24,2,922.39,0.0
13124,19,3,3866.33,0.0
13126,2,6,1385.98,713.66
13127,7,1,259.17,0.0
13130,24,1,64.0,0.0
13131,1,2,772.2,301.1
13132,191,1,77.3,0.0
13133,203,2,109.8,0.0
13134,15,4,1793.58,0.0
13135,126,1,3096.0,0.0
13136,17,4,2148.08,459.53
13137,22,5,1931.04,1719.3700000000001
13138,10,4,687.89,274.5
13139,2,4,3584.56,1480.38
13140,38,3,423.72,0.0
13141,14,5,2388.75,0.0
13144,262,1,110.95,0.0
13145,21,3,499.72,118.80000000000001
13147,29,1,118.80000000000001,594.0
13148,63,10,2789.87,917.25
13149,36,3,1132.62,543.4399999999999
13151,225,1,1257.8700000000001,0.0
13155,9,3,882.5,89.25999999999999
13157,71,3,873.1999999999999,868.02
13158,24,4,1201.06,0.0
13159,36,2,851.59,586.26
13161,243,1,112.75,0.0
13162,52,4,1688.29,0.0
13165,281,1,354.64,666.84
13166,213,1,417.2,0.0
13167,60,2,417.55,373.78000000000003
13168,129,3,972.66,346.53000000000003
13169,182,1,505.2,207.68
13171,229,1,140.35,328.06
13173,297,1,165.94,187.71
13174,246,2,2108.27,708.76
13178,3,9,5156.7300000000005,568.74
13183,16,7,3085.5800000000004,872.2
13184,60,9,1504.44,196.85
13185,197,1,71.4,0.0
13186,23,2,1301.94,273.95
13187,267,1,236.02,0.0
13189,45,1,127.0,133.68
13192,25,2,911.94,0.0
13194,65,1,60.7,0.0
13196,14,2,1586.95,210.83
13198,50,5,3009.18,392.06
13199,22,22,4740.16,5076.96
13200,4,2,627.01,243.08
13203,50,2,309.86,559.6
13207,80,1,197.52000000000004,52.739999999999995
13208,85,4,835.0699999999999,388.83
13209,58,5,4156.08,1735.53
13210,23,1,353.48,0.0
13211,25,2,886.64,310.78
13213,58,4,963.88,556.7
13216,197,1,333.74,0.0
13217,52,3,533.98,0.0
13218,57,1,62.63999999999999,0.0
13220,8,4,819.2900000000001,0.0
13221,170,2,847.41,0.0
13223,130,2,163.20000000000002,0.0
13224,81,1,1212.26,943.69
13225,73,5,4299.56,2164.28
13226,203,1,108.21000000000001,0.0
13227,131,1,257.7,0.0
13228,11,1,358.0,0.0
13229,155,1,160.95,0.0
13230,68,12,2234.18,572.79
13232,28,5,1048.3,309.3
13233,4,2,605.12,0.0
13235,142,1,1031.07,0.0
13236,36,1,439.23,305.62
13238,93,2,318.85,381.88
13239,191,1,329.56,0.0
13240,26,4,663.65,0.0
13242,42,3,270.40000000000003,0.0
13243,133,1,600.07,0.0
13244,22,1,121.74000000000001,0.0
13246,106,5,1860.99,126.31
13247,12,1,305.07,196.05
13248,54,2,465.68,0.0
13249,22,3,711.41,0.0
13253,86,2,1030.4,0.0
13255,303,1,225.7,173.81
13258,135,1,224.62,473.96
13261,198,2,944.1,0.0
13262,193,1,200.29,0.0
13263,17,24,5146.99,2307.08
13265,18,4,1802.3,305.36
13266,5,9,2841.35,992.91
13267,22,15,3119.34,1402.15
13268,14,7,2468.82,745.87
13269,18,9,3343.63,2002.6
13270,296,1,590.0,0.0
13272,19,1,140.96,135.6
13273,43,1,138.98,0.0
13276,29,1,137.38,453.55
13277,46,2,125.9,132.5
13279,8,1,137.75,0.0
13280,52,3,814.86,0.0
13282,92,2,773.1,359.04
13283,115,1,25.5,68.16
13284,260,1,201.19,0.0
13285,91,3,1970.1,739.02
13291,85,1,361.11,0.0
13292,214,1,249.57,329.37
13294,119,2,873.74,0.0
13295,289,1,201.20000000000002,0.0
13296,67,1,87.4,0.0
13299,198,1,142.5,0.0
13300,99,1,371.89,0.0
13301,33,4,618.09,0.0
13302,85,1,63.75,0.0
13304,281,1,300.42,0.0
13305,22,8,1471.25,529.61
13307,50,1,15.0,0.0
13308,133,1,814.95,570.5600000000001
13309,18,3,928.14,528.65
13310,136,2,817.65,314.38
13311,80,1,490.11,108.46000000000001
13313,71,3,918.34,636.98
13314,3,1,499.62,276.32
13316,9,3,4463.56,1514.17
13317,128,5,1313.98,959.7
13319,21,19,7390.47,3455.08
13320,8,4,1548.7,0.0
13321,2,2,567.36,0.0
13323,14,1,120.30000000000001,667.5500000000001
13324,19,9,6437.83,684.12
13325,11,1,675.3,0.0
13327,42,7,2738.75,889.02
13328,246,1,1308.48,0.0
13329,296,1,304.2,484.79999999999995
13330,22,3,1140.93,0.0
13334,12,3,3536.82,0.0
13336,7,1,795.12,0.0
13338,87,1,487.02,0.0
13339,130,1,860.12,0.0
13340,35,5,9229.54,1506.94
13341,190,1,775.85,0.0
13343,107,1,353.43,0.0
13344,207,1,1656.15,887.57
13345,217,1,389.5,0.0
13350,9,1,646.57,332.55
13354,1,1,743.53,0.0
13355,52,1,674.7,0.0
13356,10,1,768.24,0.0
13357,187,1,609.95,0.0
13358,198,1,439.03,0.0
13362,175,2,1581.53,1509.21
13364,1,1,134.95999999999998,0.0
13365,147,1,700.6,1524.77
13368,186,2,623.4,0.0
13369,295,1,308.28000000000003,0.0
13370,301,1,754.87,0.0
13372,19,1,378.64,0.0
13373,88,2,2055.58,1256.67
13375,18,1,778.65,0.0
13376,29,3,1019.76,0.0
13379,66,1,136.29,436.27
13381,19,5,2982.23,657.08
13382,210,1,222.99,0.0
13384,3,5,3131.4700000000003,1020.46
13385,259,1,534.57,0.0
13388,61,2,677.1,0.0
13389,4,2,580.15,217.81
13390,4,1,544.08,0.0
13391,133,1,59.8,0.0
13394,8,6,1846.19,673.83
13395,115,1,307.72,0.0
13396,249,1,387.27000000000004,973.72
13397,2,5,1544.13,0.0
13398,122,1,457.34,0.0
13402,57,2,621.23,0.0
13404,142,1,217.81,34.68
13405,4,3,572.451,0.0
13408,5,46,20381.58,7735.46
13410,4,4,728.66,274.40000000000003
13411,37,1,213.55,0.0
13414,63,3,1390.5,0.0
13416,11,1,275.0,437.5
13417,135,1,236.0,404.83
13418,14,16,5068.13,1059.3
13420,79,2,159.85,0.0
13421,220,1,825.04,1026.04
13425,38,3,1624.21,0.0
13426,19,6,2010.65,1338.89
13427,50,2,464.86,117.74000000000001
13429,5,1,330.6,676.2
13430,16,1,336.31,343.14
13431,18,1,853.68,415.41999999999996
13434,4,2,534.24,0.0
13435,5,4,1973.02,1836.8700000000001
13437,29,4,2173.6,1234.46
13439,185,1,283.71,0.0
13441,21,1,296.64,0.0
13448,10,5,2489.05,1050.3200000000002
13450,19,5,1727.28,316.44
13451,56,4,2463.39,512.76
13452,189,2,590.0,0.0
13453,95,2,356.97999999999996,0.0
13455,296,1,692.94,365.4
13456,85,3,855.0600000000001,911.6600000000001
13458,29,10,7678.42,1968.15
13461,68,2,884.2,560.8
13462,182,1,151.5,0.0
13466,114,1,307.9,0.0
13468,4,30,4855.14,849.83
13470,29,2,165.0,0.0
13473,262,1,241.26,181.38
13474,166,1,229.59,0.0
13475,121,4,1431.78,0.0
13476,108,2,1238.47,0.0
13477,68,4,899.55,555.03
13479,130,2,300.95,0.0
13481,38,4,1361.33,443.23
13482,162,1,184.64,0.0
13484,171,1,313.8,0.0
13485,163,1,454.24,0.0
13486,8,3,1122.41,0.0
13487,143,2,408.8,166.6
13488,2,11,7367.19,1601.12
13489,35,4,449.52,0.0
13491,77,9,1088.45,127.37
13492,66,3,1269.84,0.0
13493,205,2,618.63,0.0
13494,241,1,316.26000000000005,0.0
13495,162,3,1072.43,972.44
13496,289,1,501.01,152.32
13497,212,2,348.05,0.0
13499,3,3,613.85,545.26
13500,52,1,326.4,840.37
13501,218,1,1340.32,0.0
13502,204,2,189.16,102.84
13503,1,1,216.85,0.0
13505,2,4,4393.63,0.0
13506,246,2,458.52,0.0
13507,28,3,2022.79,456.37
13508,173,1,110.97,0.0
13509,29,5,705.02,274.7
13510,25,2,897.81,893.75
13512,190,1,251.21,0.0
13513,56,1,205.1,0.0
13514,3,1,152.20000000000002,0.0
13515,2,4,891.12,0.0
13516,2,2,620.41,769.0
13517,36,2,1612.18,516.24
13518,15,1,659.4399999999999,0.0
13519,8,1,122.75,0.0
13520,67,5,2947.98,676.37
13523,129,3,2369.24,1595.64
13524,11,4,483.86,196.32
13525,178,1,282.88,345.9
13527,19,6,1861.14,426.37
13529,8,2,307.76,0.0
13531,135,2,483.8,0.0
13533,112,3,270.79,0.0
13534,37,21,4371.53,1498.55
13536,5,1,455.17,2993.12
13538,24,6,990.75,290.1
13539,15,3,631.34,0.0
13544,170,1,122.91,168.5
13546,130,1,188.16,438.83
13548,26,2,682.41,0.0
13549,72,5,762.05,156.15
13551,249,1,91.80000000000001,0.0
13552,16,11,3314.55,425.52
13555,3,4,4149.28,0.0
13557,210,1,240.68,343.38
13561,145,1,141.85999999999999,0.0
13562,11,3,1799.33,0.0
13563,14,2,777.53,0.0
13564,74,3,1749.02,0.0
13565,264,1,110.17999999999999,130.04
13566,12,1,585.1800000000001,289.53000000000003
13568,103,1,192.85,0.0
13569,297,1,118.32,255.43
13570,173,1,239.49,0.0
13571,22,7,1083.83,1008.49
13572,135,1,1384.25,0.0
13573,183,1,31.770000000000003,262.63
13575,63,2,218.75,513.32
13576,1,14,5343.38,1373.96
13577,22,3,1193.8,493.8
13579,299,1,164.70000000000002,302.34
13581,239,1,118.0,0.0
13583,85,1,781.03,0.0
13584,236,1,142.4,0.0
13588,16,5,1605.94,873.01
13589,109,1,147.0,232.65
13590,80,4,1116.38,865.54
13591,134,2,776.23,340.9
13592,135,3,205.51,42.45
13593,38,5,2037.0800000000002,0.0
13599,14,10,2833.88,2319.79
13600,242,1,219.52,0.0
13601,141,1,373.2,320.12
13606,173,2,250.42,30.119999999999997
13610,40,5,776.21,355.67
13611,19,3,1171.8,0.0
13614,19,3,1097.13,513.33
13615,248,1,417.69,0.0
13617,43,2,365.7,178.48000000000002
13618,103,1,177.34,0.0
13621,46,1,213.85,0.0
13623,140,4,551.92,195.86
13626,182,1,257.23,0.0
13627,9,4,1334.18,304.29
13629,29,8,5718.36,2074.0
13630,5,6,1799.78,231.99999999999997
13631,29,11,3070.42,0.0
13632,103,3,814.6,1306.67
13634,16,4,1372.28,202.88
13636,52,4,646.55,302.57
13637,117,2,684.85,125.65
13639,4,1,1033.34,0.0
13642,145,1,354.8,0.0
13643,28,2,259.40000000000003,260.04
13644,3,2,1398.6100000000001,1225.65
13645,50,1,252.1,0.0
13647,1,3,1275.9,402.22
13649,186,2,346.6,0.0
13650,18,3,1063.48,772.86
13652,186,2,638.24,456.84000000000003
13654,75,4,1714.27,993.0600000000001
13655,44,2,932.97,0.0
13656,94,2,379.65,0.0
13657,131,1,152.34,229.8
13658,15,3,2096.77,542.4
13659,135,2,1573.2,0.0
13662,15,3,897.76,0.0
13663,109,1,189.47,0.0
13666,217,2,64.05,20.6
13667,79,1,305.02,0.0
13668,43,16,4934.87,1428.72
13669,79,1,48.150000000000006,170.39999999999998
13670,5,1,349.7,0.0
13672,231,2,186.39000000000001,0.0
13675,81,2,486.82000000000005,0.0
13678,81,1,232.6,0.0
13680,267,2,2391.59,1330.83
13681,85,1,203.46,624.37
13682,117,1,59.5,0.0
13684,215,1,67.23,0.0
13686,112,1,72.0,0.0
13692,143,2,871.58,616.74
13694,1,42,51527.06,13512.56
13695,11,13,2096.95,407.18
13699,85,1,308.58000000000004,0.0
13700,22,8,1651.26,613.86
13703,248,1,99.5,0.0
13704,3,5,1289.4,1018.6600000000001
13705,74,2,522.68,189.18
13706,232,1,330.79,0.0
13707,197,2,806.41,0.0
13708,201,1,296.88,0.0
13709,31,5,2939.21,3388.84
13711,148,2,252.06,0.0
13712,176,1,228.84,0.0
13715,211,5,1079.34,0.0
13716,199,1,138.28,0.0
13717,58,4,955.99,489.02
13718,176,2,306.55,0.0
13719,135,2,338.74,702.94
13720,46,4,799.9,0.0
13722,61,3,2375.41,0.0
13723,147,1,199.85000000000002,0.0
13725,99,7,1865.7,114.86
13726,30,1,292.68,786.98
13728,37,5,797.02,219.12
13730,65,2,752.6,0.0
13731,149,2,610.59,0.0
13735,105,2,1409.69,1475.55
13736,190,1,357.53,374.37
13737,130,1,339.59999999999997,0.0
13740,170,1,350.75,0.0
13741,1,3,668.4300000000001,0.0
13742,19,11,2791.62,339.4
13743,18,6,1065.84,275.76
13744,25,2,1156.36,0.0
13745,92,1,300.04,0.0
13747,303,1,79.6,0.0
13748,25,5,948.25,0.0
13750,70,4,1316.63,330.63
13751,218,1,296.25,0.0
13752,54,6,1186.28,0.0
13753,217,1,741.26,0.0
13754,81,2,282.59999999999997,0.0
13756,23,8,2972.3300000000004,2217.19
13758,131,5,2351.52,839.03
13759,1,1,560.4100000000001,99.0
13760,186,1,135.09,151.70000000000002
13761,109,1,491.71000000000004,578.9399999999999
13762,148,1,306.72,0.0
13764,74,2,945.63,576.13
13767,10,33,13303.37,3916.9900000000002
13769,22,8,2176.62,619.89
13771,129,2,1464.8500000000001,1169.6
13772,26,2,686.22,445.91
13774,11,1,345.0,0.0
13777,7,27,13021.5,12690.42
13778,33,1,178.7,0.0
13780,100,1,116.28000000000002,243.73000000000002
13781,180,1,127.84,0.0
13782,54,3,487.93,424.07
13784,24,9,2124.15,338.64
13786,297,1,230.39999999999998,0.0
13787,5,2,309.04,0.0
13791,57,2,1516.0,0.0
13792,217,1,74.60000000000001,120.95
13798,2,45,30421.5,6732.35
13799,46,2,688.86,0.0
13800,239,1,558.32,0.0
13802,68,3,4599.42,0.0
13803,185,1,277.07,0.0
13804,8,5,2282.98,352.81
13805,59,1,500.24,424.36
13807,297,1,112.6,0.0
13808,23,2,723.1,1024.56
13809,235,1,155.05,0.0
13811,113,3,814.5,0.0
13812,35,1,278.74,260.26
13813,19,2,677.38,689.48
13814,22,2,1579.12,0.0
13815,102,2,2977.75,1049.61
13817,281,1,128.7,254.28
13819,231,3,1140.35,0.0
13821,74,2,385.64,0.0
13823,21,1,650.42,307.24
13824,65,4,1429.84,269.1
13826,106,1,189.5,0.0
13827,63,2,300.76,111.29
13831,17,5,1795.59,407.4
13833,89,1,384.8,0.0
13835,85,2,537.34,297.23
13837,141,2,271.24,0.0
13838,47,3,479.59,212.14
13841,182,1,85.0,0.0
13842,2,8,2803.93,581.6899999999999
13846,172,2,663.9300000000001,201.13
13848,22,3,1255.0,0.0
13849,100,1,593.5799999999999,944.37
13850,59,1,1595.48,0.0
13851,25,3,2651.46,0.0
13854,18,21,6771.36,1338.16
13856,98,3,388.5,0.0
13859,256,1,201.16,0.0
13860,16,1,405.88,840.02
13862,2,7,2089.7,119.66
13863,177,1,305.78,0.0
13865,66,3,383.34000000000003,118.22
13866,4,1,145.67000000000002,0.0
13867,4,2,592.84,422.45000000000005
13869,53,4,3104.95,0.0
13870,31,5,2179.4700000000003,591.47
13871,22,9,4612.64,1790.6100000000001
13873,49,3,389.6,0.0
13874,288,1,540.45,0.0
13875,63,4,1424.8,361.99
13877,16,1,117.24,0.0
13880,17,11,2501.02,718.75
13881,1,12,9724.18,7435.34
13883,148,4,1742.78,931.7
13884,19,4,540.5,247.10000000000002
13885,119,2,506.8,0.0
13886,1,1,243.56,0.0
13887,134,1,349.55,0.0
13888,49,2,605.63,0.0
13889,22,1,416.90000000000003,0.0
13890,37,2,501.11,1382.7
13892,176,1,54.519999999999996,578.4499999999999
13893,227,1,821.1,0.0
13894,240,1,160.85,403.77000000000004
13895,73,2,937.3000000000001,1655.77
13898,255,1,155.93,0.0
13899,204,1,298.5,90.02
13900,113,3,740.95,0.0
13901,2,5,2867.2,0.0
13904,224,1,201.12,131.52
13908,9,4,2369.55,0.0
13911,74,8,2437.63,143.28
13917,121,1,65.38,206.66
13918,183,1,198.2,1014.64
13919,51,1,213.15,171.66
13922,281,1,172.25,0.0
13924,2,1,679.03,1159.82
13925,22,4,678.25,0.0
13927,4,1,348.99,0.0
13928,36,2,225.45000000000002,239.12
13929,99,2,842.65,0.0
13930,66,1,210.0,127.33999999999999
13931,25,2,1237.53,0.0
13932,224,1,307.4,0.0
13933,39,2,608.7900000000001,0.0
13934,193,1,922.1,0.0
13936,109,1,376.58,0.0
13937,99,1,158.85,0.0
13939,38,2,390.21,178.34
13940,46,2,391.06,448.08000000000004
13941,19,4,3859.3,1253.66
13946,9,3,561.5699999999999,0.0
13948,290,1,102.0,0.0
13949,7,2,909.26,1518.06
13950,3,2,323.65999999999997,421.4
13951,106,3,674.45,0.0
13952,147,2,3251.071,0.0
13953,45,5,2604.36,911.32
13955,84,2,322.96,0.0
13956,68,3,680.27,346.15
13959,9,3,598.2,0.0
13960,1,1,128.1,102.12
13962,175,1,117.6,51.95
13963,238,4,664.54,0.0
13967,75,1,80.7,0.0
13969,37,11,3911.35,5142.59
13971,36,6,1985.9,772.36
13972,131,1,145.9,44.349999999999994
13973,217,1,264.7,0.0
13975,58,4,1497.71,1028.57
13976,136,1,357.98,0.0
13979,3,1,869.87,0.0
13982,93,3,1230.1399999999999,641.67
13983,18,9,2063.54,539.89
13984,56,4,819.33,101.18
13985,1,8,3791.26,3268.87
13988,2,4,3185.31,962.65
13989,169,1,896.6700000000001,369.40999999999997
13990,143,1,311.3,0.0
13991,5,2,340.29,515.68
13993,19,7,2632.31,834.05
13994,7,3,780.63,1532.51
13995,45,3,871.9,521.79
13999,25,9,2868.9700000000003,1032.8400000000001
14000,141,1,635.66,0.0
14001,162,2,1309.14,733.94
14002,64,2,529.73,0.0
14004,8,6,3769.4900000000002,813.15
14005,5,4,977.68,1897.04
14006,45,3,962.19,0.0
14009,128,2,695.61,0.0
14012,207,1,328.8,0.0
14013,40,3,473.02,0.0
14014,7,1,505.18,0.0
14016,91,4,4341.21,0.0
14019,28,2,800.53,621.0799999999999
14020,18,1,331.14,311.66
14021,85,3,631.9,0.0
14022,155,1,440.0,0.0
14023,180,1,273.14,310.93
14024,51,2,327.7,0.0
14029,74,1,165.20000000000002,302.46
14030,19,7,1816.81,543.28
14031,4,14,11219.15,6067.71
14032,17,7,2147.57,828.02
14034,87,2,473.90999999999997,177.91
14035,37,3,837.26,590.76
14036,214,1,626.65,0.0
14037,106,2,147.20000000000002,0.0
14038,8,3,1560.38,0.0
14040,24,10,2748.31,866.61
14041,196,1,141.41,0.0
14044,33,3,542.11,110.71000000000001
14045,39,4,1659.75,0.0
14046,214,1,154.99,0.0
14047,3,4,957.46,351.15
14048,235,1,409.93,0.0
14049,88,3,3285.39,2396.33
14050,36,1,485.98,260.38
14051,21,16,9271.84,5134.650000000001
14053,54,2,260.25,0.0
14055,36,1,725.6400000000001,0.0
14056,14,18,5640.52,2574.13
14057,19,14,5143.54,1074.42
14059,196,1,183.6,0.0
14060,9,16,5135.6,1004.82
14062,1,11,9225.470000000001,1239.38
14064,43,4,1097.6799999999998,256.06
14066,196,1,152.55,0.0
14067,26,1,224.67,150.03
14068,250,1,265.85,0.0
14071,190,2,356.81,1082.01
14075,191,1,307.92,634.34
14076,59,1,122.47,0.0
14077,8,4,366.7,132.72
14078,31,6,1049.37,0.0
14079,54,1,375.1,0.0
14081,232,2,934.52,0.0
14082,294,1,182.25,0.0
14083,56,7,548.92,469.51
14085,71,12,3248.19,1200.35
14088,58,7,25507.89,24983.920000000002
14090,254,1,76.32000000000001,0.0
14092,29,10,2745.42,1331.49
14096,4,6,9286.7,55878.09
14099,50,8,2309.92,794.25
14100,67,1,194.9,0.0
14101,3,6,5976.79,0.0
14104,84,2,216.20999999999998,0.0
14105,169,1,1266.23,0.0
14107,26,6,2461.94,241.29
14108,31,1,291.33,306.58
14109,2,1,144.2,0.0
14110,16,7,4165.61,1517.54
14111,25,3,295.5,397.35
14112,60,4,1900.82,1014.33
14113,8,2,926.38,914.04
14114,203,2,386.53,0.0
14116,22,2,628.87,753.87
14117,73,1,90.0,0.0
14124,14,1,419.58000000000004,0.0
14125,8,1,1295.43,1445.0
14127,52,3,709.71,0.0
14128,185,1,305.54,331.96
14129,25,3,726.23,397.63
14130,249,1,483.86,0.0
14132,17,6,1900.2,1685.83
14133,59,3,605.64,0.0
14135,5,11,3514.32,1175.99
14141,3,2,489.31,425.82000000000005
14142,303,1,311.81,0.0
14143,63,1,115.8,0.0
14145,86,3,2851.2,891.0
14146,11,4,2965.84,1225.16
14147,8,2,483.4,0.0
14148,163,1,157.2,0.0
14149,150,1,446.62,0.0
14150,289,1,306.18,352.46000000000004
14152,5,2,621.29,0.0
14154,169,2,1345.62,0.0
14155,196,1,118.75,0.0
14156,23,42,98858.34,18521.29
14157,215,1,277.17,155.71
14159,11,8,3147.67,1545.34
14161,145,3,1110.52,0.0
14162,103,2,289.36,0.0
14163,17,4,2445.91,0.0
14164,10,1,1273.77,358.0
14165,205,1,122.53999999999999,0.0
14167,95,3,402.1,172.74
14171,28,1,363.79,0.0
14173,149,1,114.04,336.8
14175,101,2,1205.99,2016.31
14176,227,4,576.9000000000001,0.0
14177,16,4,559.41,0.0
14178,28,3,493.36,1127.57
14180,21,22,4258.92,489.6
14185,261,1,197.65,0.0
14188,1,5,1717.96,336.40000000000003
14189,26,11,3267.92,1386.16
14191,10,8,2525.29,2159.47
14193,199,1,422.53999999999996,430.85
14194,5,14,6975.96,4373.56
14195,131,2,1012.0,0.0
14196,36,1,335.52,0.0
14198,16,3,528.8,172.6
14199,148,1,185.39999999999998,0.0
14201,10,6,627.14,120.3
14205,194,1,222.9,243.8
14206,169,1,328.15999999999997,0.0
14208,24,1,151.74,0.0
14209,51,5,1876.33,197.10000000000002
14210,35,6,1905.8400000000001,0.0
14211,10,7,1339.09,902.01
14212,19,1,1070.48,0.0
14214,86,3,899.16,105.22
14215,7,5,1343.91,445.81
14217,4,12,1469.67,535.3100000000001
14220,177,2,632.4,0.0
14221,10,8,3088.89,343.90999999999997
14222,107,1,683.17,0.0
14223,22,3,991.13,0.0
14224,40,4,1050.12,0.0
14226,140,2,1709.4,522.7900000000001
14227,15,9,3031.9,319.06
14229,221,2,762.13,785.0699999999999
14231,113,3,925.71,0.0
14232,45,4,1573.33,474.74
14233,141,3,959.1,503.62
14235,5,5,3144.86,0.0
14236,10,2,490.86,0.0
14237,303,1,161.0,0.0
14238,256,1,146.85,0.0
14239,1,10,2219.39,161.46
14240,155,1,226.85,663.49
14241,113,1,213.70000000000002,0.0
14242,164,2,280.55,0.0
14243,25,8,2305.95,282.82
14245,149,2,1693.45,0.0
14246,40,3,1474.06,0.0
14247,208,1,136.76999999999998,0.0
14248,248,1,302.58,0.0
14250,19,1,1228.83,675.22
14256,190,2,969.0600000000001,0.0
14257,53,4,2725.84,373.88
14258,19,8,11298.380000000001,1371.6
14259,71,1,120.0,0.0
14261,8,1,943.75,219.7
14262,14,4,1379.3,1238.93
14264,84,2,333.97,0.0
14265,39,2,530.18,0.0
14267,92,3,1516.24,0.0
14270,261,1,492.65000000000003,0.0
14271,155,1,112.32,0.0
14272,3,2,437.96,0.0
14273,66,3,450.05,109.92
14276,28,3,1119.74,0.0
14277,142,1,1637.43,2578.77
14280,126,1,134.04,0.0
14282,11,10,2796.74,932.6
14284,16,1,252.1,343.15
14285,5,2,1253.43,656.58
14286,172,1,2050.08,2578.67
14287,128,2,83.28,93.35
14288,143,1,426.6,0.0
14289,64,5,832.78,78.48
14290,11,2,1071.1000000000001,1243.55
14291,50,7,2355.54,1527.71
14292,18,5,3143.9500000000003,1727.98
14293,77,3,739.41,307.15000000000003
14297,204,1,232.6,1072.73
14298,2,41,44237.46,7289.84
14299,8,6,2843.49,1122.13
14301,47,1,640.14,0.0
14304,152,1,383.45,0.0
14305,1,3,1858.96,0.0
14306,15,1,1702.94,390.38
14307,18,6,2995.72,0.0
14309,23,7,1633.7,718.83
14311,172,1,310.26,0.0
14312,21,5,1047.19,564.4
14314,36,1,120.0,0.0
14315,59,5,1550.15,930.98
14320,136,2,477.79,0.0
14321,3,4,1230.59,300.16
14323,44,2,605.0600000000001,0.0
14326,172,1,183.85,0.0
14327,93,1,311.65,0.0
14329,38,4,3485.03,1529.81
14331,54,2,462.65999999999997,0.0
14332,77,1,119.04,747.27
14334,23,7,2328.71,223.5
14335,26,1,359.25,109.01
14336,128,3,1114.39,500.52000000000004
14338,91,2,588.22,0.0
14339,172,1,309.52,0.0
14340,148,1,134.7,0.0
14341,60,6,1139.52,1042.76
14342,67,2,419.74,248.82
14344,57,8,889.9300000000001,0.0
14346,50,2,1021.58,0.0
14348,190,1,409.57,0.0
14350,204,1,282.93,0.0
14351,94,1,51.0,0.0
14352,87,4,1078.96,0.0
14353,145,1,90.6,0.0
14355,295,1,174.4,0.0
14356,9,2,701.23,0.0
14359,17,1,483.39,428.79
14360,24,1,1134.69,993.54
14364,38,8,3717.35,0.0
14367,5,12,6949.9400000000005,2311.58
14368,249,1,155.0,0.0
14371,225,1,100.5,0.0
14373,288,1,76.55,0.0
14375,115,1,257.68,0.0
14377,121,2,617.05,0.0
14379,225,1,110.98,237.12
14383,93,1,242.09,1005.6
14386,226,1,142.4,0.0
14387,4,2,929.74,840.82
14388,21,6,2277.77,935.07
14389,120,1,311.14,732.32
14390,74,4,1592.66,3060.16
14393,148,1,67.95,0.0
14395,8,7,2638.18,869.53
14396,301,1,110.35000000000001,377.64
14397,9,11,1089.24,1523.72
14400,79,1,574.7,0.0
14401,10,11,3384.88,666.6
14403,60,4,1475.81,0.0
14404,38,5,1347.52,126.79999999999998
14406,49,1,156.75,0.0
14407,37,6,2157.73,0.0
14408,24,6,2298.31,308.22
14409,1,6,2059.4500000000003,0.0
14410,22,9,1105.07,0.0
14411,240,1,1063.0,0.0
14412,2,1,462.45,307.58
14413,292,1,122.7,0.0
14414,21,7,1496.98,0.0
14415,28,9,3801.68,2098.6
14418,38,1,150.44,1786.81
14419,3,3,541.21,516.85
14420,29,1,387.52,0.0
14421,141,1,455.18,357.93
14422,100,2,1032.15,2849.48
14423,148,1,265.2,0.0
14426,70,6,2885.58,1596.09
14428,9,3,534.12,710.71
14431,232,1,470.36,0.0
14432,19,1,254.75,2000.76
14434,2,1,310.8,1062.0
14436,28,1,89.06,0.0
14437,295,1,63.0,0.0
14438,236,1,131.9,0.0
14439,249,1,2661.24,0.0
14440,2,3,1558.73,798.95
14441,24,2,697.4000000000001,709.79
14442,134,2,1589.82,0.0
14443,68,3,991.52,428.68
14446,10,2,685.22,157.27
14447,126,2,601.03,562.2
14448,294,1,102.35000000000001,273.0
14449,176,2,401.3,505.8
14450,110,3,483.25,0.0
14451,124,1,360.0,302.59
14452,23,1,127.37,137.07
14453,120,1,119.93,0.0
14456,3,5,1839.24,1223.16
14457,240,1,113.64,0.0
14459,85,1,1837.92,0.0
14460,40,3,434.34,0.0
14461,78,3,2103.06,0.0
14462,14,10,1702.15,301.87
14463,28,3,529.62,0.0
14465,176,3,1058.6200000000001,0.0
14466,3,6,1785.65,486.75
14467,242,1,131.7,467.06
14470,217,1,297.64,163.55
14472,33,8,1936.84,0.0
14473,4,2,234.34000000000003,0.0
14475,1,3,925.85,0.0
14476,187,1,215.7,0.0
14477,114,2,523.0,786.6
14479,183,2,316.25,0.0
14481,94,2,636.51,0.0
14482,29,2,465.95000000000005,1602.2
14483,211,1,137.1,0.0
14487,12,4,847.4599999999999,348.87
14489,137,1,463.38,0.0
14491,105,2,340.93,0.0
14493,85,1,611.22,1772.02
14495,51,1,40.599999999999994,83.2
14496,241,2,538.8100000000001,0.0
14497,239,1,475.37,0.0
14498,46,4,1281.79,675.53
14499,63,2,370.96000000000004,444.36
14500,18,3,356.85,0.0
14501,113,2,251.21,0.0
14502,79,7,1176.01,1294.66
14503,108,1,597.07,2946.19
14504,173,3,542.71,130.55
14505,39,6,4255.64,1650.0
14506,92,3,831.66,1180.51
14507,31,4,924.6899999999999,458.49
14508,19,1,137.56,138.86
14511,22,2,329.89,984.92
14512,117,2,275.28,0.0
14513,30,3,455.59000000000003,0.0
14514,131,2,403.11,652.24
14515,121,2,765.65,1336.44
14517,71,1,252.45,78.0
14520,220,1,165.0,105.60000000000001
14522,1,3,831.5,143.04
14523,38,1,241.09,0.0
14524,1,8,1755.78,111.9
14525,30,7,2926.14,1406.06
14527,1,43,5835.95,2672.87
14529,7,2,358.42,261.62
14530,23,5,2546.12,379.79
14532,166,4,932.85,0.0
14533,19,3,1143.36,806.36
14534,25,14,3035.69,1411.3600000000001
14535,57,2,1653.91,1210.28
14536,189,1,171.8,0.0
14538,186,1,106.5,281.75
14540,5,2,681.53,314.73
14541,98,7,1315.65,146.0
14542,115,1,103.25,0.0
14543,3,14,3301.75,328.58000000000004
14544,291,1,1121.92,902.53
14546,7,3,1602.1,975.99
14548,80,2,652.8,0.0
14549,241,1,289.24,0.0
14551,134,1,125.43,60.8
14552,81,1,165.07,0.0
14553,148,2,312.32,546.95
14555,232,1,197.94,126.2
14557,15,1,788.38,0.0
14560,24,15,1565.2,672.57
14561,5,3,1080.76,0.0
14562,8,10,3029.7200000000003,2045.05
14565,25,4,3099.12,0.0
14566,40,1,1432.0,0.0
14567,60,1,800.76,729.6
14570,210,2,218.06,0.0
14572,40,5,2089.44,743.4
14573,109,9,1653.42,0.0
14576,302,1,35.400000000000006,0.0
14577,93,3,646.64,213.07
14583,74,4,787.64,264.91
14584,99,4,1042.26,0.0
14586,206,1,237.36,0.0
14587,114,8,1473.53,127.61
14589,301,1,39.75,0.0
14591,143,1,250.22,1196.92
14593,128,2,339.59,278.4
14594,303,1,255.0,124.83
14595,15,2,300.03000000000003,1440.57
14597,121,1,165.1,718.05
14600,235,1,393.33000000000004,0.0
14603,204,1,660.0,0.0
14606,2,76,9989.91,2166.74
14607,191,1,495.0,16074.5
14608,15,2,790.95,994.2
14609,2,4,601.56,0.0
14616,172,3,406.08000000000004,0.0
14618,267,1,211.8,341.64
14619,175,1,394.44,0.0
14620,135,2,412.78000000000003,0.0
14621,86,3,1002.91,785.45
14622,114,1,320.58000000000004,0.0
14623,46,3,608.71,280.54
14625,126,2,899.63,0.0
14626,52,2,1571.29,1219.98
14628,21,2,671.96,0.0
14631,165,2,630.08,376.90000000000003
14632,192,1,114.56,0.0
14633,196,1,344.90000000000003,0.0
14636,198,1,300.19,309.66
14639,50,4,1989.23,995.26
14640,57,4,1501.06,624.02
14643,100,2,693.8100000000001,0.0
14644,228,1,187.50000000000003,643.26
14645,86,2,597.09,0.0
14646,8,46,203106.63999999998,77099.38
14647,131,1,243.22,0.0
14649,2,3,903.3,513.99
14651,141,1,416.32,238.28
14652,7,1,114.18,0.0
14653,268,1,344.81,1602.74
14655,152,1,810.56,1121.67
14656,99,2,291.05,0.0
14657,85,3,638.94,209.28
14658,47,1,123.14,124.01
14659,8,7,2067.98,461.95
14660,16,2,285.74,0.0
14662,164,3,524.86,246.31
14665,19,4,1276.18,559.52
14667,4,19,7140.31,2100.89
14669,171,3,1269.99,0.0
14670,210,2,411.53,0.0
14672,164,2,765.55,0.0
14673,297,1,373.49,1362.91
14676,8,5,2170.96,377.28
14680,1,15,27586.510000000002,1167.6
14681,1,3,498.95,0.0
14682,117,2,52.0,0.0
14684,11,3,648.59,587.69
14687,36,1,628.38,0.0
14688,22,16,4207.62,1423.25
14689,138,1,112.8,0.0
14690,81,1,216.71,154.99
14691,1,4,1769.07,345.26
14692,67,4,591.55,0.0
14693,194,1,172.9,0.0
14696,1,6,1778.41,300.54
14697,148,2,188.60999999999999,0.0
14699,144,1,109.13000000000001,0.0
14700,119,2,1557.6,677.6999999999999
14701,102,7,1958.28,591.09
14702,8,10,1903.79,1388.3500000000001
14704,11,3,386.48,1160.43
14705,128,1,179.0,0.0
14708,84,2,701.1800000000001,425.19
14709,1,10,4264.04,657.0
14711,21,9,2365.42,503.38
14712,5,2,421.47,495.6
14713,29,9,2029.61,636.75
14715,24,3,594.75,272.63
14716,78,1,188.56,141.12
14719,109,2,488.12,1114.01
14720,19,2,401.13,262.68
14722,77,1,187.92000000000002,0.0
14723,288,3,471.0,687.3000000000001
14727,204,1,268.58,0.0
14729,303,1,313.49,0.0
14730,37,5,904.21,1100.85
14731,135,2,251.01999999999998,129.0
14732,18,6,1927.19,775.3000000000001
14733,40,11,9044.2,541.71
14735,11,26,4347.25,1718.44
14737,58,2,1081.75,82.8
14738,63,5,757.6500000000001,556.8000000000001
14739,24,4,2247.58,1654.7
14740,127,3,1448.21,0.0
14741,43,4,864.96,535.38
14744,227,5,928.03,171.95
14745,42,5,1220.26,0.0
14747,179,1,328.2,0.0
14748,53,4,1118.77,296.98
14753,17,1,563.15,0.0
14754,225,1,228.26999999999998,409.78
14755,3,8,3171.98,1838.3
14757,5,1,420.5,0.0
14758,74,4,1484.06,0.0
14759,42,2,870.85,755.12
14760,227,1,89.2,0.0
14761,264,1,97.5,158.4
14762,193,1,300.52,0.0
14765,42,2,95.5,158.61
14766,10,5,2050.85,422.52
14768,57,1,133.20000000000002,59.400000000000006
14769,12,7,10332.78,341.96999999999997
14770,162,2,876.42,0.0
14772,42,1,139.26,0.0
14775,67,2,701.46,310.44
14776,35,8,1862.22,676.08
14778,57,2,730.86,0.0
14779,210,3,386.15,0.0
14780,9,1,332.8,114.88
14782,249,1,200.10000000000002,0.0
14784,253,1,114.68,175.31
14790,49,2,364.04,381.02
14794,133,4,679.54,640.37
14795,96,1,131.45000000000002,0.0
14796,24,14,6593.37,1429.1200000000001
14798,74,2,97.4,76.34
14800,5,10,3947.5,392.24
14803,92,3,845.55,0.0
14805,243,1,109.25,445.4
14806,5,1,193.39000000000001,0.0
14808,4,7,2206.98,534.19
14810,33,10,1869.33,218.55
14813,299,2,155.43,0.0
14816,127,1,271.85,0.0
14817,130,2,1110.34,0.0
14818,3,3,657.8,0.0
14819,122,1,84.72,187.35
14820,5,2,242.19,265.1
14821,296,1,48.800000000000004,0.0
14823,110,3,321.43,0.0
14824,3,2,755.51,372.20000000000005
14825,19,8,1499.5700000000002,727.34
14828,126,3,2139.76,0.0
14829,114,3,531.63,165.92
14834,1,3,851.2,869.1
14837,19,4,1649.5,0.0
14840,197,1,62.85,0.0
14841,109,4,2375.57,920.19
14842,25,3,1901.52,923.17
14844,53,3,2257.6800000000003,932.13
14847,78,1,309.4,0.0
14849,25,17,5784.53,2146.01
14850,241,1,325.75,0.0
14851,186,1,206.13,305.22
14852,26,5,2188.42,648.27
14853,141,1,214.5,261.3
14854,8,7,2759.83,0.0
14855,49,2,645.65,0.0
14857,78,1,522.52,650.6
14859,10,2,927.12,426.62
14862,78,1,304.09999999999997,537.1
14865,302,1,37.2,15.0
14866,10,5,6803.42,7586.4800000000005
14867,115,3,710.28,0.0
14868,1,5,1634.77,1318.82
14869,33,1,391.31,334.39
14870,191,1,327.25,0.0
14871,108,3,354.75,167.63
14873,140,1,519.68,0.0
14875,37,2,1465.3200000000002,0.0
14878,12,7,1193.71,291.83
14880,7,3,706.19,0.0
14883,3,4,571.99,189.6
14885,61,1,765.3199999999999,0.0
14886,182,1,364.8,0.0
14887,9,1,1862.0,0.0
14888,137,1,369.2,0.0
14889,266,1,135.9,0.0
14890,183,1,125.65,0.0
14891,78,2,554.38,0.0
14894,15,1,655.75,0.0
14895,21,13,7974.79,3163.92
14896,134,2,468.77000000000004,0.0
14897,18,2,345.4,1020.98
14898,64,5,1011.3,292.22
14901,3,7,1093.83,327.46
14903,54,4,2411.82,398.81
14905,87,2,616.15,0.0
14907,29,5,2608.18,892.9200000000001
14908,4,1,277.8,0.0
14911,2,132,95320.56,48504.5
14912,176,1,482.78999999999996,385.06
14913,113,3,917.15,310.28000000000003
14915,21,2,307.48,0.0
14916,23,3,967.76,301.21999999999997
14918,45,2,1610.15,0.0
14920,142,2,977.77,0.0
14921,131,1,903.01,413.06
14924,175,1,310.05,0.0
14930,38,3,2372.86,0.0
14931,4,3,847.65,410.03
14932,295,1,363.53,0.0
14934,11,2,1890.94,0.0
14935,227,1,1784.71,0.0
14936,38,3,5072.88,3064.14
14937,60,1,759.56,862.3199999999999
14944,7,9,4922.51,977.74
14947,2,2,290.82,0.0
14948,1,5,834.27,267.7
14951,9,1,311.69,0.0
14952,1,9,6724.25,1375.24
14957,183,1,58.49,0.0
14958,77,3,499.68,0.0
14959,39,3,537.32,158.1
14960,101,1,88.3,132.97
14961,11,8,5899.93,1144.75
14962,200,1,126.7,0.0
14963,113,1,294.2,1193.6
14964,177,1,206.21,0.0
14965,26,2,599.0,0.0
14970,67,3,1119.75,472.31
14972,58,1,114.77,0.0
14973,37,3,1314.45,0.0
14976,31,4,559.96,230.9
14978,2,5,1931.42,0.0
14981,176,1,102.12,0.0
14984,110,1,110.17999999999999,103.09
14985,128,2,296.75,0.0
14987,295,1,163.2,163.2
14988,141,1,334.54,0.0
14995,210,1,119.31,113.92
14997,18,2,433.67999999999995,112.52
14998,100,2,429.87,0.0
15002,45,4,1641.76,0.0
15004,77,1,1246.32,0.0
15005,8,22,4948.79,1367.78
15007,89,1,156.91,0.0
15012,303,1,191.06,231.98
15014,106,1,117.72999999999999,142.44
15016,102,1,170.04,0.0
15018,182,2,291.34000000000003,204.87
15019,196,1,266.0,0.0
15021,16,6,1428.41,486.41
15023,46,8,5110.32,1692.44
15024,43,5,845.62,815.71
15026,10,3,469.0,0.0
15027,98,3,966.9699999999999,99.18
15028,298,1,185.97,441.16
15030,1,2,518.28,0.0
15031,40,2,261.79,406.34999999999997
15032,186,3,4959.1,0.0
15033,39,6,1629.1,957.57
15034,162,5,2664.83,1643.78
15035,19,1,252.73000000000002,0.0
15036,2,3,465.55,0.0
15038,117,4,517.45,188.04
15039,10,39,18786.04,1128.4
15041,100,1,180.35,0.0
15042,129,1,135.93,0.0
15044,5,14,5550.13,2150.1
15045,81,2,735.66,0.0
15046,26,11,3984.5299999999997,1229.24
15047,199,1,343.62,0.0
15048,46,3,324.53,59.52
15049,203,1,121.17000000000002,0.0
15050,1,2,1323.18,458.90999999999997
15051,80,1,377.74,1013.87
15052,249,1,215.78,0.0
15053,86,2,478.6,219.19
15057,205,2,1489.5,0.0
15058,11,8,1443.21,681.78
15059,37,7,1008.6,329.12
15061,3,41,40567.76,13966.38
15062,1,4,987.86,0.0
15063,143,1,370.79999999999995,0.0
15065,94,3,2858.75,299.38
15067,8,3,1744.76,0.0
15068,186,1,239.95999999999998,313.4
15069,109,1,1109.53,0.0
15070,302,1,106.2,0.0
15071,23,2,982.07,0.0
15073,115,2,861.96,181.45
15074,35,1,748.87,0.0
15075,7,1,773.03,0.0
15076,102,1,880.85,0.0
15078,4,24,7580.150000000001,2162.96
15079,142,4,895.61,0.0
15081,16,3,336.25,168.55
15083,186,1,88.2,0.0
15087,211,1,306.94,0.0
15089,24,3,2036.28,384.56
15090,238,1,381.32,0.0
15092,145,2,457.81,0.0
15093,46,5,4027.1,569.9200000000001
15095,33,4,1370.6,0.0
15098,112,3,39916.5,0.0
15099,14,1,410.48,0.0
15100,263,3,876.0,0.0
15101,289,1,102.28,215.25
15103,16,1,291.68,411.68
15104,126,2,1027.44,0.0
15105,16,3,1176.54,1122.3899999999999
15106,71,3,1032.83,389.69
15107,241,6,319.5,0.0
15108,71,4,1300.25,0.0
15109,175,1,484.95,0.0
15110,56,2,376.55,619.5500000000001
15111,302,1,288.5,1278.98
15114,1,9,2252.28,508.28
15116,64,2,790.97,561.7800000000001
15117,50,2,675.73,876.0500000000001
15118,64,1,244.8,0.0
15119,175,1,266.4,0.0
15120,63,1,358.82,0.0
15121,218,1,295.15,162.57
15122,44,3,1633.78,0.0
15123,136,1,1069.47,1129.84
15124,121,1,90.75,93.44
15125,43,12,10795.48,733.0
15128,56,3,1170.24,300.76
15129,36,10,2796.73,650.67
15130,99,1,330.11,0.0
15132,35,3,842.23,135.70000000000002
15133,57,3,982.42,0.0
15134,2,5,897.5500000000001,490.44
15135,169,1,139.05,0.0
15136,26,1,582.9,703.8000000000001
15139,169,2,178.96,0.0
15140,9,6,2052.85,301.4
15143,155,1,259.45,0.0
15144,1,12,4005.64,2574.8
15145,157,2,724.03,470.7
15146,94,2,1327.16,0.0
15147,170,1,623.5,0.0
15149,63,1,520.8000000000001,0.0
15150,3,7,4368.49,945.98
15152,14,7,2712.23,2033.46
15154,5,1,296.42,0.0
15157,84,2,1505.37,430.70000000000005
15159,19,20,9563.85,9077.16
15160,287,1,158.16,0.0
15163,122,1,155.0,149.47
15164,138,2,368.18,474.87
15165,303,1,487.75,0.0
15167,250,1,163.0,0.0
15171,261,1,1289.5,0.0
15172,65,3,886.74,737.31
15174,252,1,135.75,0.0
15175,1,1,224.14,0.0
15178,190,1,40.5,0.0
15179,163,3,1455.12,751.83
15180,297,1,87.5,0.0
15181,105,2,434.99999999999994,254.48
15182,84,2,622.85,0.0
15184,120,1,235.23000000000002,171.53
15186,98,1,229.26,182.15
15187,21,6,1883.88,2893.3
15189,21,33,12635.77,3589.62
15192,49,3,1044.32,0.0
15194,8,13,5488.22,2128.31
15197,182,2,773.25,306.36
15198,22,2,193.64,0.0
15199,24,3,967.75,300.95
15201,17,5,1236.54,0.0
15203,9,5,1517.72,310.08
15204,287,1,316.58,0.0
15205,15,2,653.24,0.0
15206,29,3,236.7,183.6
15208,93,2,323.52,546.6
15210,155,1,331.18,0.0
15211,295,1,383.07,511.34000000000003
15212,171,1,101.8,0.0
15213,248,2,328.35,0.0
15214,5,3,956.75,704.69
15215,26,1,300.04,434.90000000000003
15216,17,1,96.6,0.0
15218,4,9,4645.91,1110.98
15219,106,1,305.75,0.0
15220,45,5,1284.05,494.91
15221,296,1,403.25,0.0
15222,248,1,585.0,0.0
15223,155,2,755.75,0.0
15224,288,2,322.08,0.0
15225,164,1,409.40000000000003,0.0
15226,240,1,154.41,0.0
15227,145,3,876.8199999999999,342.58
15228,59,3,2224.03,1162.68
15230,169,2,429.6,0.0
15232,43,2,612.06,0.0
15234,206,1,197.0,0.0
15235,147,12,2247.51,0.0
15236,228,1,321.05,0.0
15237,8,3,1328.72,83.6
15238,25,2,772.78,299.21000000000004
15239,8,1,461.79,318.8
15240,14,4,1382.55,324.02
15241,3,7,1411.52,344.92
15243,4,1,316.68,0.0
15244,178,1,297.94,333.63
15245,64,3,2515.84,0.0
15246,168,2,514.15,0.0
15247,52,1,356.0,0.0
15249,21,11,5639.34,1049.1200000000001
15251,21,8,9695.82,789.17
15252,113,1,300.55,440.23
15253,18,3,640.6,277.59999999999997
15254,57,1,300.36,0.0
15256,78,1,98.45,0.0
15257,213,1,317.15,0.0
15258,98,2,623.16,0.0
15260,30,7,1810.77,0.0
15261,65,1,254.82,0.0
15262,253,1,178.95000000000002,0.0
15263,36,1,156.51,0.0
15265,81,2,1506.1200000000001,0.0
15266,268,1,119.3,0.0
15267,85,2,1407.76,309.6
15270,47,5,1850.29,529.2
15271,24,10,1596.62,910.45
15272,16,1,298.96,422.98
15279,284,1,290.51,0.0
15280,102,1,113.12,0.0
15281,66,8,2191.78,140.37
15288,85,4,2006.3600000000001,300.15999999999997
15289,67,2,697.98,241.8
15290,9,13,4459.87,3483.35
15291,24,12,3685.02,983.28
15292,131,1,180.94,0.0
15296,39,5,2599.49,1073.37
15298,22,7,3358.2200000000003,1441.68
15299,94,5,3035.01,1472.0
15301,2,11,4466.59,603.76
15303,220,1,574.02,0.0
15304,15,7,582.5,111.9
15306,22,2,657.07,517.28
15307,25,1,205.3,0.0
15308,204,1,310.47,0.0
15311,3,70,48473.58,11799.72
15312,5,4,924.85,0.0
15313,40,1,52.0,0.0
15314,129,1,327.97,0.0
15315,46,1,233.54,336.96
15316,256,1,165.0,0.0
15319,213,1,204.5,0.0
15321,221,1,1159.47,1588.8400000000001
15322,15,1,679.68,0.0
15325,33,1,162.29,0.0
15326,263,1,311.71,0.0
15329,64,2,754.0,295.7
15332,296,4,1661.06,0.0
15333,138,1,1028.56,0.0
15334,86,3,351.67,0.0
15339,248,1,257.9,316.17
15341,10,1,2020.52,0.0
15342,59,1,406.09,0.0
15343,17,1,364.5,0.0
15344,4,1,308.69,151.95
15346,262,1,252.42000000000002,0.0
15347,296,1,201.60000000000002,0.0
15348,2,1,158.04,0.0
15349,88,2,473.81,0.0
15350,303,1,115.65,0.0
15351,9,2,876.24,1083.8700000000001
15353,184,2,777.02,0.0
15356,1,9,2616.46,150.04
15358,4,18,6734.86,1612.34
15361,291,1,418.92,0.0
15363,302,1,326.0,0.0
15364,25,2,913.19,0.0
15365,11,4,1945.15,369.17
15366,5,2,602.51,0.0
15367,175,2,1416.18,461.40999999999997
15370,1,5,2039.25,346.79999999999995
15372,67,1,2007.3999999999999,0.0
15373,45,9,1686.9,729.01
15374,58,1,168.0,0.0
15376,47,2,989.02,244.34
15379,99,7,3703.29,0.0
15380,16,3,1004.5600000000001,685.7
15381,143,2,596.85,0.0
15382,14,5,4709.9,1245.81
15384,99,2,642.41,0.0
15386,116,1,394.14,0.0
15388,200,1,140.54,0.0
15389,102,1,500.0,0.0
15392,18,2,665.46,870.07
15393,211,1,124.10000000000001,107.76
15394,8,3,1854.14,329.4
15395,255,1,107.45,0.0
15396,42,1,288.18,0.0
15397,219,1,94.0,0.0
15398,8,1,634.85,710.6800000000001
15399,9,1,305.17,510.6
15400,22,5,716.2,0.0
15402,78,2,626.77,0.0
15405,119,1,349.1,0.0
15406,231,1,252.29,258.42
15407,113,3,740.73,315.71
15408,194,1,267.18,0.0
15410,14,8,3450.84,0.0
15411,54,2,382.21,976.67
15412,101,1,190.53,0.0
15414,172,1,36.2,738.7
15415,243,1,572.8100000000001,0.0
15416,85,3,3144.33,839.99
15417,15,1,508.8,0.0
15421,145,3,739.36,211.0
15422,253,2,97.7,0.0
15424,184,2,383.34,0.0
15426,187,2,662.98,784.41
15429,5,1,243.06,154.29
15433,143,2,533.3,0.0
15434,37,3,587.28,454.20000000000005
15436,164,1,489.05,633.48
15437,192,1,200.16,0.0
15438,61,1,156.57999999999998,0.0
15440,66,2,237.66,146.02
15442,178,1,594.0,0.0
15443,3,3,1054.34,2182.57
15445,194,1,113.5,0.0
15447,260,1,155.17,0.0
15448,242,1,494.64,0.0
15449,115,2,647.7,326.82
15452,1,2,413.33,125.4
15453,22,4,712.8,675.5699999999999
15454,292,1,179.1,0.0
15456,213,3,447.22,0.0
15457,192,1,237.07,0.0
15460,284,1,216.76,0.0
15462,24,3,234.6,0.0
15464,268,1,1048.85,0.0
15465,12,16,6419.08,935.54
15466,15,1,334.53,0.0
15467,75,2,402.56,122.32
15469,50,1,304.3,234.25
15472,43,1,371.56,0.0
15475,7,1,454.10999999999996,0.0
15480,46,1,905.5,0.0
15482,95,4,2103.5,8951.46
15483,91,4,233.81,0.0
15484,8,1,1636.52,1957.79
15485,266,2,1278.63,1296.37
15488,22,1,91.32000000000001,0.0
15489,141,1,348.26,786.02
15491,25,6,3100.09,0.0
15492,4,1,487.74,171.72
15493,79,3,1318.75,683.05
15494,51,1,1127.38,171.85
15497,249,1,970.6,291.6
15498,14,21,10183.55,3132.85
15500,11,1,406.02,725.54
15502,19,8,6276.03,4108.9
15503,292,1,147.09,0.0
15504,11,1,52.83,0.0
15505,14,4,2730.38,880.58
15506,68,1,209.35,769.91
15507,101,1,492.36,0.0
15508,119,6,1000.27,0.0
15510,260,1,250.0,0.0
15511,15,1,202.9,706.33
15512,85,2,121.0,0.0
15513,24,17,11352.14,3406.08
15514,155,6,2561.94,1577.52
15517,163,1,267.03,0.0
15518,54,7,1624.76,317.69
15521,24,7,2326.7799999999997,673.42
15522,17,1,259.9,138.94
15523,14,1,412.01000000000005,0.0
15525,303,1,313.93,511.99
15527,19,6,1608.3400000000001,821.44
15528,184,1,229.33,0.0
15529,17,9,3216.12,779.11
15530,79,3,1168.73,333.62
15532,61,3,1225.79,355.14
15533,12,2,554.74,252.82999999999998
15535,103,4,536.4,0.0
15537,93,1,110.92,0.0
15541,44,1,85.13000000000001,0.0
15543,218,1,127.86,0.0
15544,49,7,2772.37,774.34
15545,301,1,135.32999999999998,157.39000000000001
15547,12,11,3729.77,1225.07
15549,7,3,1693.26,0.0
15550,36,3,433.28,142.35
15552,147,1,90.12,0.0
15554,207,1,217.2,0.0
15555,8,11,3173.14,1632.03
15561,79,3,449.66999999999996,350.92
15562,281,1,134.55,0.0
15563,130,2,735.62,664.8199999999999
15568,3,1,228.31,529.98
15569,33,5,1375.71,0.0
15570,71,9,2826.68,1338.84
15571,8,1,202.35,448.08000000000004
15572,39,4,1555.29,997.57
15573,15,1,410.7,196.75
15574,107,4,702.25,0.0
15577,81,3,258.88,0.0
15578,92,1,127.1,0.0
15579,243,1,199.6,149.0
15581,50,13,3679.9700000000003,0.0
15582,30,2,541.51,141.4
15584,2,2,292.68,432.43
15585,106,1,455.3,0.0
15587,19,3,801.72,111.96
15589,185,3,478.53000000000003,0.0
15594,11,3,1506.43,265.35
15596,30,5,1406.59,0.0
15599,134,1,448.83,312.90999999999997
15601,19,12,5817.02,959.54
15602,130,5,542.95,754.92
15603,8,1,48.480000000000004,0.0
15605,19,4,894.78,303.45
15606,49,8,2439.38,480.78000000000003
15607,266,1,104.76,0.0
15608,50,1,285.68,808.0
15609,114,1,298.48,0.0
15611,33,8,947.1400000000001,644.3100000000001
15615,35,19,7367.85,3031.89
15618,22,3,419.041,357.81
15620,150,2,875.01,678.17
15622,16,8,3327.61,381.95
15623,71,1,301.03,0.0
15624,46,4,588.13,0.0
15625,33,4,1534.26,0.0
15626,4,2,675.8,0.0
15628,28,5,1625.4,1244.84
15630,134,1,396.86,789.49
15632,51,6,2351.84,933.47
15636,19,2,724.76,0.0
15639,64,1,425.32,0.0
15640,8,12,9443.6,3072.06
15641,35,4,1887.2,0.0
15643,121,3,664.0,0.0
15644,96,4,813.0,0.0
15646,87,3,447.64000000000004,0.0
15648,134,2,657.35,0.0
15649,266,2,816.0,0.0
15651,190,1,227.32,418.98
15652,21,1,337.74,0.0
15653,22,2,877.4399999999999,0.0
15655,173,1,560.67,0.0
15656,108,3,563.63,184.87
15658,120,5,1024.1000000000001,0.0
15660,15,7,1256.5,344.36
15661,247,2,309.8,0.0
15663,36,1,138.14,0.0
15665,98,2,2242.01,0.0
15668,147,1,76.32000000000001,0.0
15669,33,3,565.54,118.8
15670,226,1,173.05,0.0
15671,24,5,1972.89,684.24
15673,18,4,2881.02,0.0
15674,3,5,2446.6,0.0
15675,11,3,323.69,0.0
15676,213,1,897.8,2537.96
15679,84,2,260.26,521.02
15680,296,1,478.89,854.79
15681,113,3,703.22,722.94
15683,47,1,193.75,0.0
15687,116,5,1679.45,1313.65
15689,49,2,254.1,0.0
15690,30,1,111.0,128.76
15691,182,1,136.8,0.0
15694,106,9,3305.78,2766.8199999999997
15695,196,2,409.98,0.0
15696,9,7,2016.8500000000001,719.61
15700,102,2,696.68,0.0
15701,3,2,968.0699999999999,574.07
15703,194,1,211.5,0.0
15704,70,4,2293.62,0.0
15705,131,1,143.1,0.0
15706,5,2,878.76,181.8
15707,16,1,166.78,778.8
15708,68,6,2700.43,663.8100000000001
15709,213,1,133.25,0.0
15712,1,4,865.9100000000001,206.45
15713,73,2,356.7,0.0
15714,7,1,132.48000000000002,198.4
15716,75,4,1118.81,0.0
15717,164,1,150.3,0.0
15719,29,11,4068.67,976.94
15722,38,3,1424.8,797.7600000000001
15723,294,1,203.1,0.0
15724,131,2,218.25,0.0
15727,37,6,4609.29,569.67
15729,142,1,85.0,0.0
15730,22,2,777.22,343.66
15732,142,2,294.12,0.0
15733,212,1,162.3,0.0
15734,44,2,1339.45,0.0
15737,9,6,1081.51,123.61
15738,26,13,3853.4500000000003,958.97
15743,43,2,434.05,350.41
15744,7,1,34.8,0.0
15745,3,2,607.75,486.84000000000003
15746,64,1,196.88,0.0
15747,50,2,549.47,424.57
15749,165,3,44534.3,0.0
15750,2,5,1617.9,847.58
15752,23,6,2104.15,533.23
15753,234,1,79.2,0.0
15754,3,2,303.42,155.15
15755,4,5,2076.7400000000002,287.51
15756,82,3,364.84,168.12
15757,147,1,261.36,453.06
15759,148,3,253.04,0.0
15762,7,1,315.31,268.44
15763,7,1,522.49,564.4300000000001
15764,18,6,3279.97,0.0
15768,45,3,621.8299999999999,0.0
15769,17,20,43116.72,13136.0
15775,175,1,104.9,0.0
15776,63,1,241.62,0.0
15777,171,4,1047.11,0.0
15780,113,3,475.28000000000003,0.0
15781,67,2,211.3,134.16
15782,19,1,1638.3400000000001,976.4
15785,87,4,1665.83,663.14
15786,44,1,3160.84,1771.36
15789,288,1,351.3,0.0
15791,134,1,1223.24,389.45000000000005
15793,198,1,306.64,658.97
15795,79,1,610.01,0.0
15796,2,6,1887.71,823.85
15797,43,4,2207.4,0.0
15799,5,3,884.14,0.0
15800,37,2,699.08,0.0
15801,39,1,137.22,926.73
15802,72,1,451.42,0.0
15804,8,8,2950.3,927.04
15805,36,11,3568.0,1960.48
15806,87,2,521.88,262.7
15807,7,1,635.6,268.3
15808,236,4,3734.9700000000003,0.0
15809,114,4,399.21,116.56
15810,8,4,1391.98,0.0
15811,35,5,1773.8,444.82
15812,37,5,1801.14,0.0
15813,137,2,1303.9099999999999,0.0
15815,70,4,1874.7,225.9
15819,61,3,1585.47,319.98
15820,249,1,206.98,0.0
15822,289,1,440.2,445.27
15823,302,1,15.0,0.0
15825,102,1,532.94,0.0
15826,140,1,720.0,934.3100000000001
15827,3,14,1836.0900000000001,0.0
15829,29,2,636.14,0.0
15831,54,2,451.11,350.65
15832,184,1,836.79,0.0
15834,95,3,1791.82,441.93
15835,67,3,675.51,278.58
15838,7,13,17340.62,16302.460000000001
15839,10,2,790.36,258.13
15840,102,1,241.74,113.82
15841,2,4,1224.06,0.0
15843,233,1,118.95000000000002,0.0
15845,16,6,3070.0,641.77
15847,218,1,180.68,208.59
15850,98,1,118.88,119.97
15852,116,2,160.71,0.0
15854,16,10,2839.94,134.71
15855,66,5,712.24,0.0
15856,25,17,11441.94,4945.63
15858,7,3,970.12,468.73
15860,5,7,875.2,102.01
15861,64,3,1130.0,2035.36
15862,42,3,659.73,173.15
15863,122,1,9.2,59.64
15864,28,3,957.8600000000001,978.46
15865,18,2,603.85,291.28
15866,31,1,230.53,0.0
15867,43,12,2949.91,862.73
15869,207,2,149.64,0.0
15874,107,6,2207.75,2198.13
15880,299,1,343.28000000000003,0.0
15881,242,5,501.39000000000004,0.0
15882,128,4,516.36,0.0
15885,22,3,379.35,0.0
15888,10,1,168.31,0.0
15889,86,2,446.87,0.0
15891,156,1,524.52,0.0
15894,183,2,263.55,0.0
15895,79,1,179.17,0.0
15897,124,2,222.05,0.0
15898,156,4,1002.99,385.89
15899,298,1,56.25,0.0
15901,7,2,233.35,130.53
15903,7,3,951.96,4174.8
15906,74,4,797.71,769.98
15907,106,2,529.52,437.93
15909,103,1,191.94,0.0
15910,29,5,663.36,435.47
15912,108,2,264.62,0.0
15916,7,6,967.4300000000001,560.66
15917,177,1,123.1,0.0
15918,120,2,334.23,0.0
15919,298,1,270.72,369.17
15920,84,4,167.5,0.0
15921,102,1,336.03000000000003,0.0
15922,303,1,369.5,0.0
15923,302,1,127.08,0.0
15925,124,1,207.15,0.0
15932,18,7,2195.65,300.21999999999997
15933,1,2,728.27,379.19
15935,169,2,416.86,0.0
15938,42,5,404.58,0.0
15939,19,15,6115.01,0.0
15940,241,1,35.8,0.0
15942,63,1,337.44,0.0
15944,206,1,325.1,0.0
15945,295,1,181.0,0.0
15947,12,1,1708.24,0.0
15949,1,1,237.04000000000002,127.68
15950,8,3,1347.22,418.29
15951,215,1,375.16999999999996,333.05
15952,89,2,327.8,478.77
15953,141,4,826.14,833.24
15955,1,10,2965.9900000000002,1450.27
15958,4,1,104.35,0.0
15965,297,1,156.19,689.45
15967,248,1,173.8,245.03
15969,115,1,308.7,357.4
15970,233,1,314.1,0.0
15971,18,8,2326.75,1873.1
15973,296,1,307.82000000000005,0.0
15974,25,6,2895.0099999999998,547.14
15975,14,1,371.01,0.0
15976,95,2,430.94,0.0
15978,7,1,1098.78,0.0
15980,18,3,2398.86,0.0
15981,7,7,2849.88,558.6
15983,290,3,1148.27,326.75
15984,1,8,2091.96,745.71
15985,53,2,1142.42,0.0
15987,50,6,1206.42,244.86
15990,217,1,401.37,390.74
15996,18,6,1060.68,0.0
15998,17,4,2510.76,579.21
16003,64,3,1793.9,941.47
16005,112,2,298.08,317.31
16006,141,1,101.4,0.0
16007,110,2,733.45,968.49
16008,5,2,330.71,148.07
16009,89,1,462.19,530.52
16010,175,3,407.5,0.0
16011,1,13,2467.29,895.42
16012,58,2,1132.12,283.17
16013,28,35,23409.34,13721.26
16014,82,2,529.9300000000001,132.45000000000002
16016,9,5,926.49,582.27
16018,110,1,161.9,247.0
16019,66,7,2952.25,833.99
16022,190,1,628.28,0.0
16023,122,2,500.69,219.12
16027,21,6,934.62,0.0
16029,10,54,55559.74,25465.1
16030,239,1,331.24,0.0
16031,22,2,548.94,0.0
16033,12,17,6832.81,1983.59
16034,126,3,437.7,0.0
16036,17,2,758.92,0.0
16037,199,3,855.02,0.0
16038,107,2,393.33,78.45
16040,78,2,876.1800000000001,437.37
16041,71,2,2739.8,426.6
16042,37,2,460.28,736.99
16043,141,3,676.49,97.5
16045,49,4,1340.7,0.0
16048,303,2,256.44,0.0
16049,5,1,488.26,623.53
16050,103,1,137.9,0.0
16053,52,1,1124.19,387.76
16054,75,1,783.9,0.0
16055,150,1,134.8,0.0
16057,26,6,1544.23,718.89
16059,1,5,1354.56,105.30000000000001
16062,63,3,778.14,375.48
16063,190,1,335.32,0.0
16065,295,1,372.09,0.0
16066,54,1,316.38,1205.49
16072,218,1,584.3199999999999,0.0
16073,227,1,122.39999999999999,0.0
16076,9,6,1455.81,778.92
16078,213,1,79.2,0.0
16080,11,2,217.16,0.0
16081,17,4,2591.92,214.98
16083,30,2,1317.62,0.0
16084,229,1,436.18,0.0
16085,9,3,619.65,361.86
16086,28,4,899.7,221.69
16091,84,2,315.06,0.0
16092,44,3,817.86,0.0
16093,36,1,17.0,0.0
16094,149,1,252.1,826.13
16096,194,1,320.62,0.0
16097,170,1,185.04999999999998,0.0
16098,17,7,2005.63,0.0
16099,67,2,592.1,139.8
16102,28,2,1392.8400000000001,449.3
16103,9,5,1413.14,16.5
16105,178,1,336.96,0.0
16107,19,4,1810.72,1393.44
16108,14,1,842.5,0.0
16109,148,2,611.88,0.0
16110,192,2,693.93,643.55
16112,73,4,195.73999999999998,0.0
16113,113,1,161.38,0.0
16114,100,1,135.75000000000003,0.0
16115,2,6,1293.02,374.95
16116,141,1,612.78,0.0
16117,119,1,232.21,0.0
16119,2,1,309.48,113.88000000000001
16121,145,1,287.89,579.22
16122,3,4,684.4200000000001,0.0
16124,247,1,249.0,0.0
16125,297,1,289.35,0.0
16126,31,3,3706.7000000000003,2581.07
16128,7,3,1412.06,468.16
16131,45,4,2278.5,1228.04
16133,5,24,11766.07,2822.9700000000003
16134,289,1,283.53000000000003,334.56
16135,192,1,517.55,0.0
16136,7,2,302.64,406.74
16139,42,2,306.37,329.04
16140,301,1,124.14,601.04
16141,18,1,620.4,0.0
16142,179,1,535.34,0.0
16143,38,5,1949.3600000000001,475.58000000000004
16144,176,1,175.2,0.0
16145,3,9,2941.93,857.5600000000001
16146,87,3,734.13,0.0
16147,63,1,375.0,0.0
16148,226,1,76.32000000000001,0.0
16149,72,1,163.68,116.84
16150,18,4,1748.53,304.49
16152,198,1,1829.04,0.0
16153,45,4,1023.54,800.69
16156,15,6,2125.4500000000003,996.59
16157,2,1,168.32,488.37
16159,211,1,348.2,0.0
16160,15,1,801.94,223.49999999999997
16161,8,14,3901.63,1673.93
16162,182,1,37.4,0.0
16163,162,2,856.6,0.0
16168,4,19,2795.14,992.46
16169,5,1,587.46,1235.51
16170,42,5,1560.6599999999999,324.39
16172,25,5,1140.21,0.0
16173,8,3,744.25,674.07
16174,56,3,1009.5500000000001,0.0
16175,24,4,1037.59,0.0
16178,68,1,197.9,0.0
16180,30,8,10254.18,0.0
16181,3,1,305.54,0.0
16182,2,4,6617.65,0.0
16184,35,5,985.8000000000001,172.99
16185,162,1,335.0,194.41
16186,33,9,2696.53,1310.41
16187,5,13,6282.1900000000005,629.25
16188,71,3,755.03,226.83
16189,15,1,144.48,71.0
16191,192,8,2615.68,2564.84
16193,166,1,314.45,0.0
16198,5,1,400.68100000000004,0.0
16200,94,1,550.57,530.05
16201,39,1,303.8,1559.67
16202,290,1,365.27,0.0
16203,77,3,378.3,214.6
16205,109,1,112.35,649.03
16206,54,3,409.86,127.19999999999999
16208,219,1,497.59,166.67
16209,18,5,2262.62,0.0
16210,16,12,11607.02,9479.28
16211,18,1,547.02,0.0
16212,213,1,498.15000000000003,192.19
16213,8,1,159.0,0.0
16214,100,3,1062.75,0.0
16215,10,1,242.35,0.0
16216,197,1,914.9300000000001,0.0
16217,165,2,304.25,0.0
16218,44,6,2635.48,449.2
16221,205,2,315.37,549.49
16222,248,1,846.72,0.0
16224,71,3,865.88,429.42
16225,79,4,953.64,142.68
16226,133,3,255.12,0.0
16227,155,1,314.22,0.0
16229,17,2,1010.6,0.0
16230,119,2,542.03,0.0
16232,73,3,725.04,265.84
16233,1,3,536.6800000000001,0.0
16235,11,4,675.29,192.01999999999998
16236,8,1,432.2,0.0
16239,119,1,347.9,66.3
16240,7,1,1824.79,1894.01
16241,26,10,1786.14,821.73
16242,95,3,846.59,2756.62
16244,141,2,1522.75,0.0
16245,51,2,769.7,643.96
16247,100,1,114.56,0.0
16249,42,4,1440.77,359.3
16250,191,2,389.44,0.0
16253,185,1,1700.4,1983.46
16255,25,7,2182.79,437.12
16256,196,1,752.4300000000001,0.0
16257,106,1,46.95,0.0
16258,57,4,3741.06,1462.45
16261,5,3,562.43,184.4
16265,40,7,4062.02,1384.98
16266,3,7,861.89,0.0
16268,1,2,667.65,0.0
16270,283,1,1141.24,0.0
16271,56,3,893.03,536.21
16272,46,1,411.7,0.0
16274,303,1,357.95,0.0
16275,126,1,559.87,0.0
16276,106,1,810.6000000000001,0.0
16278,30,1,566.38,0.0
16279,17,2,730.98,778.6
16281,2,1,2062.06,0.0
16282,269,1,168.3,0.0
16283,50,3,586.35,984.46
16287,99,1,142.5,0.0
16292,51,1,302.25,0.0
16293,21,6,1454.3300000000002,794.6600000000001
16297,198,1,301.9,0.0
16298,116,1,114.3,483.90000000000003
16302,56,1,233.22,0.0
16303,45,2,4036.33,1324.3
16305,68,1,361.21999999999997,0.0
16306,143,6,632.27,0.0
16308,37,3,1600.0,960.0
16309,36,2,706.57,0.0
16315,260,1,226.37,0.0
16316,87,7,2212.81,726.1
16317,49,3,1341.65,0.0
16319,147,1,404.40000000000003,0.0
16320,102,2,1038.46,0.0
16321,2,5,373.65000000000003,0.0
16323,126,1,207.50000000000003,0.0
16324,58,3,428.68,0.0
16325,85,2,416.02000000000004,178.22
16326,5,9,1738.96,1372.0
16327,10,5,3172.39,671.83
16330,42,2,48.96,202.95
16332,2,4,1128.29,464.90999999999997
16333,28,18,15619.6,11007.2
16338,87,1,214.79999999999998,0.0
16339,214,1,109.95,0.0
16340,37,1,549.07,0.0
16341,15,2,1531.89,439.98
16342,5,4,322.41,0.0
16344,88,1,101.10000000000001,0.0
16348,8,5,1050.54,418.90999999999997
16349,220,1,53.5,0.0
16350,15,2,566.4,550.0699999999999
16351,262,1,153.9,0.0
16353,17,15,3705.4100000000003,2970.3
16354,3,1,366.1,29.700000000000003
16356,127,3,211.77,0.0
16357,92,2,257.95,400.93
16358,9,2,1134.55,892.95
16359,24,7,1411.23,339.69
16360,10,2,474.93,3037.6
16361,1,1,334.94,561.72
16362,21,3,380.05,354.72
16364,67,1,347.55,359.49
16365,53,7,862.56,677.8599999999999
16367,292,1,170.91,633.58
16369,10,2,851.69,701.97
16370,12,4,1320.56,0.0
16374,192,1,156.3,316.73
16377,197,1,676.2,0.0
16378,177,3,362.95,0.0
16379,8,1,478.88,1678.52
16383,4,2,668.36,0.0
16384,19,2,584.5,0.0
16385,88,2,274.85,281.04
16386,183,1,61.10000000000001,256.1
16387,252,1,94.36,0.0
16389,8,3,1078.71,303.36
16392,199,1,221.19,0.0
16393,24,9,1765.27,1280.94
16394,2,4,1241.86,313.48
16395,8,4,1272.21,214.69
16398,84,2,1705.8,0.0
16399,165,1,178.41,230.16
16400,24,1,303.93,0.0
16401,16,8,2773.66,1324.66
16402,194,2,299.6,0.0
16403,242,1,177.5,0.0
16405,232,2,167.25,0.0
16407,4,9,1794.76,332.16999999999996
16409,17,4,1420.03,608.85
16411,299,1,131.5,83.15
16414,210,1,50.8,75.45
16418,22,2,368.36,306.90999999999997
16419,42,6,972.23,0.0
16422,3,43,30665.52,4018.88
16424,121,1,133.56,0.0
16425,232,1,302.7,0.0
16426,22,4,689.83,1218.42
16427,193,2,241.06,0.0
16429,36,1,284.55,0.0
16431,143,3,642.81,0.0
16434,26,4,906.34,615.91
16438,12,1,204.4,593.95
16440,144,1,272.46,3368.21
16441,221,1,211.0,170.2
16442,157,2,437.03,179.76
16444,25,3,541.4,113.27
16446,135,1,2.9,0.0
16447,65,1,259.01,0.0
16448,128,1,188.89000000000001,0.0
16449,127,2,707.69,0.0
16450,79,1,311.92,0.0
16451,17,1,266.97,0.0
16455,24,6,1323.3799999999999,517.8
16456,29,5,2158.37,0.0
16457,148,1,208.36,0.0
16458,2,13,2485.06,997.6800000000001
16460,2,2,512.1,302.62
16461,107,1,151.42,0.0
16462,3,3,136.0,0.0
16463,134,1,319.37,1103.03
16464,10,2,998.25,316.43
16466,33,5,1002.1800000000001,601.28
16468,4,1,74.9,0.0
16469,17,3,462.72,187.71
16470,45,3,539.13,223.26
16471,204,1,223.95000000000002,0.0
16473,94,3,316.11,0.0
16474,19,3,478.66,1392.8400000000001
16475,18,4,544.3,0.0
16477,61,6,1999.26,495.2
16480,5,1,769.29,0.0
16483,122,1,139.35,0.0
16484,103,2,404.3,0.0
16485,7,1,363.65,0.0
16488,44,2,354.57,144.23000000000002
16493,9,4,1351.63,0.0
16494,226,1,826.53,0.0
16495,206,2,246.51,437.9
16496,137,2,1185.04,414.48
16497,133,5,1550.7,1414.99
16498,91,2,100.97,0.0
16499,290,2,365.45,0.0
16500,260,1,165.0,235.86
16503,36,4,1431.93,0.0
16509,226,1,363.7,0.0
16510,302,1,248.1,0.0
16511,74,2,582.7,367.56
16515,21,4,1250.3500000000001,376.78000000000003
16517,207,1,162.7,0.0
16518,214,1,190.7,293.62
16519,295,1,103.7,111.38
16520,116,3,1046.57,0.0
16523,9,15,6781.41,2637.06
16525,9,23,11501.15,1526.3
16526,101,1,290.36,0.0
16527,11,1,228.06,0.0
16529,120,1,455.25,0.0
16531,4,5,889.43,355.16
16532,65,2,4516.8,2232.0
16536,40,1,548.97,0.0
16539,149,3,1053.61,335.2
16545,94,1,339.3,0.0
16546,220,2,787.15,0.0
16549,19,3,1234.01,2920.63
16550,38,5,2298.97,0.0
16551,25,3,922.12,0.0
16552,172,2,379.73,0.0
16553,93,12,5719.82,0.0
16554,152,2,314.11,522.99
16555,39,1,151.98,133.91
16556,35,6,2556.37,757.42
16557,67,1,101.15,180.7
16558,8,15,5101.31,2638.21
16560,288,1,332.18,509.23
16565,294,1,173.7,0.0
16566,100,3,463.88,150.78
16567,124,2,865.6,0.0
16570,57,6,2134.07,1604.33
16571,106,2,896.79,524.9
16572,57,3,1009.6,0.0
16573,14,2,663.61,0.0
16574,1,1,451.44,0.0
16581,112,1,105.84,0.0
16582,43,1,313.62,0.0
16583,303,1,233.45,0.0
16584,10,2,936.08,0.0
16586,178,1,463.95,0.0
16587,162,1,225.15,0.0
16589,1,3,459.24,0.0
16592,66,10,2214.33,1899.3500000000001
16593,119,2,255.5,74.53
16594,5,1,181.09,0.0
16596,296,1,120.65,129.5
16598,215,1,145.04999999999998,0.0
16600,4,3,353.2,460.32
16603,4,2,482.47,0.0
16607,3,11,2581.94,765.77
16609,17,6,4029.82,1463.64
16610,149,1,75.66,0.0
16611,116,1,129.49,0.0
16612,49,3,870.3000000000001,317.36
16614,112,1,506.19,0.0
16616,87,1,210.10000000000002,290.32
16617,165,1,151.85,0.0
16618,140,4,1441.29,1206.3
16619,193,1,226.21,0.0
16620,190,1,95.75999999999999,83.2
16621,77,3,609.41,204.07000000000002
16623,175,1,129.45,0.0
16624,10,2,810.5699999999999,0.0
16625,204,1,333.08,0.0
16626,3,9,2662.74,1361.15
16627,9,1,322.8,0.0
16628,36,4,1619.8400000000001,568.21
16629,3,2,417.73,0.0
16633,8,4,1509.0,1374.1
16634,152,2,217.9,0.0
16637,53,2,530.55,623.92
16638,29,9,1550.94,129.78
16639,136,2,471.15000000000003,786.36
16641,35,1,231.10000000000002,0.0
16642,137,1,307.73,380.6
16643,175,1,487.51,0.0
16644,107,2,833.78,0.0
16647,99,2,214.06,0.0
16650,1,1,518.42,0.0
16652,39,5,4525.87,2248.1
16653,1,1,1117.86,94.80000000000001
16654,71,4,601.27,0.0
16655,5,4,2911.2,883.32
16656,9,12,7470.26,1155.54
16657,78,2,446.11,487.51
16658,298,1,123.24,0.0
16659,119,1,39.12,0.0
16660,140,2,384.36,883.29
16665,292,1,135.39999999999998,0.0
16667,214,1,203.35,366.78
16668,46,5,266.52,40.199999999999996
16669,8,2,729.49,645.38
16670,36,8,3239.9700000000003,855.93
16671,94,1,1382.88,309.39
16672,2,18,7327.34,807.6
16674,28,1,122.2,197.41
16676,143,3,1098.5,493.62
16678,28,8,2137.3,972.6899999999999
16679,296,1,129.75,0.0
16681,2,6,1770.34,0.0
16682,22,3,810.22,217.78
16684,63,18,33883.5,32770.06
16686,28,6,2479.71,583.12
16689,5,2,422.59999999999997,0.0
16690,2,2,225.57999999999998,0.0
16692,186,2,1276.0,0.0
16693,201,1,157.56,324.45
16696,65,4,657.9000000000001,0.0
16697,171,1,112.75,0.0
16698,156,2,1998.0,0.0
16700,10,11,4423.62,652.93
16701,59,10,4050.42,1347.8799999999999
16705,4,12,10160.77,3623.7
16706,28,2,411.55,119.8
16709,14,5,3029.87,0.0
16710,4,8,2093.59,389.45
16711,70,3,909.87,741.16
16712,25,8,2499.86,1145.57
16713,3,12,4599.97,2323.16
16714,148,3,1161.53,0.0
16715,8,1,301.71999999999997,0.0
16716,196,2,901.2,0.0
16717,25,4,1559.66,2298.7200000000003
16718,299,1,623.75,0.0
16719,4,6,1497.75,292.67
16721,192,1,292.47,0.0
16722,29,10,3656.58,1074.23
16723,21,2,589.15,0.0
16725,232,7,781.02,0.0
16726,126,4,795.19,586.83
16727,294,1,272.82,0.0
16728,96,3,550.0,504.67
16729,15,18,5717.88,1522.04
16730,164,2,480.94,262.17
16734,44,2,306.15999999999997,344.35
16735,8,5,2300.56,0.0
16738,227,1,3.75,0.0
16739,106,1,323.0,0.0
16743,43,6,1885.8600000000001,352.23
16744,5,4,628.53,676.23
16745,16,17,7194.3,0.0
16746,5,14,5321.85,1375.81
16748,147,3,910.2,605.7
16750,3,4,509.19,114.74
16752,302,1,207.5,0.0
16754,302,1,2002.4,0.0
16755,44,3,1496.83,0.0
16756,144,1,239.4,0.0
16757,248,1,106.83000000000001,0.0
16761,26,1,316.62,0.0
16762,74,1,314.15000000000003,1187.23
16763,128,1,611.85,0.0
16764,2,6,1085.72,1713.53
16765,224,1,34.0,0.0
16766,203,2,1145.6,0.0
16767,23,7,4825.5,755.1
16768,33,2,286.49,191.6
16769,190,1,380.39,0.0
16770,166,4,656.48,113.62
16771,5,4,2102.51,144.3
16774,46,3,542.2,119.32
16775,2,9,1358.08,337.58
16777,10,2,226.35,0.0
16778,4,2,245.94,0.0
16779,1,16,7286.280000000001,3343.44
16780,30,2,425.19,0.0
16781,302,1,311.25,0.0
16782,7,10,1804.3,475.6
16788,53,2,597.48,0.0
16791,52,5,800.27,921.51
16792,212,2,110.38000000000001,0.0
16794,19,5,720.88,501.83
16795,295,1,414.88,0.0
16796,19,1,305.62,0.0
16801,93,4,1619.73,0.0
16804,200,1,118.05,418.94
16805,103,2,460.59,0.0
16806,33,4,801.49,0.0
16807,72,3,1121.59,0.0
16808,29,2,288.42,0.0
16809,66,3,470.69,444.0
16810,122,1,309.54,0.0
16812,290,1,479.35,0.0
16813,8,8,1299.89,393.09
16814,17,17,5780.39,728.71
16816,33,4,417.06,0.0
16817,115,7,1179.43,425.32
16818,1,10,3221.81,127.76
16820,25,1,497.61,0.0
16823,157,1,358.38,0.0
16824,94,1,222.9,237.74
16825,115,1,318.7,456.48
16828,23,2,128.5,0.0
16829,86,1,197.22,0.0
16832,114,3,199.15,0.0
16833,189,3,671.29,435.24
16834,157,1,413.46,0.0
16835,58,2,180.85,0.0
16836,46,1,91.32000000000001,160.55
16837,87,9,1911.74,1259.24
16838,127,2,588.85,0.0
16839,4,25,12627.94,3966.41
16841,67,5,1561.06,308.76
16842,30,3,1264.19,0.0
16843,23,13,8809.24,1387.33
16849,116,1,124.57,0.0
16850,263,1,332.41,0.0
16852,106,1,113.06,31.85
16858,298,1,375.69000000000005,0.0
16859,74,2,747.81,0.0
16861,88,1,70.80000000000001,102.96
16863,296,1,164.25,338.55
16866,70,3,207.73999999999998,0.0
16869,95,2,387.68,437.74
16871,19,5,2367.26,445.08000000000004
16872,7,3,680.02,0.0
16873,57,4,3871.4700000000003,3252.15
16875,74,4,1138.2,957.33
16877,82,2,188.98,664.74
16878,14,1,13.3,0.0
16880,29,6,1109.02,410.06
16882,169,2,215.70000000000002,489.41999999999996
16883,117,2,276.73,0.0
16885,287,1,190.65,280.86
16889,124,3,1578.67,0.0
16891,25,3,560.14,249.56
16892,113,1,102.97999999999999,422.56
16893,296,1,145.93,0.0
16897,229,2,289.78,0.0
16898,107,2,319.46999999999997,189.34
16899,19,4,588.28,693.28
16902,46,1,1706.88,0.0
16904,24,14,3049.07,705.2
16905,166,3,853.93,2248.5
16906,11,4,579.77,0.0
16907,78,4,711.88,269.77
16909,2,1,379.14,0.0
16910,7,4,755.08,754.98
16912,64,7,1558.38,1017.0
16913,220,1,113.44,0.0
16915,57,4,382.39000000000004,239.29
16916,302,1,198.08,378.18
16917,206,1,391.52,0.0
16918,25,3,822.7,246.12
16919,86,11,2596.45,0.0
16923,29,14,4921.51,2326.1
16924,14,1,271.11,575.64
16926,301,1,230.25,0.0
16927,45,3,543.05,0.0
16928,10,17,2847.6,0.0
16929,1,3,539.72,755.67
16931,5,15,3198.29,1405.93
16933,169,1,224.73,338.5
16938,109,3,2410.75,325.63
16940,99,2,1868.36,1181.52
16942,66,7,1449.14,471.45
16943,141,3,816.73,0.0
16945,15,14,3292.54,1052.96
16947,165,1,406.48,0.0
16948,68,3,435.02,0.0
16949,115,4,893.75,392.52
16950,54,2,778.41,400.15
16951,64,3,1277.75,0.0
16952,39,2,167.61,0.0
16954,54,4,1245.3799999999999,668.1
16955,114,4,518.67,0.0
16957,169,2,416.64,0.0
16959,17,1,117.35000000000001,0.0
16960,182,1,201.53,305.52
16961,46,1,234.17,0.0
16963,117,1,110.55000000000001,0.0
16965,156,1,201.19,0.0
16966,100,4,1486.56,668.41
16967,119,1,319.02,0.0
16968,37,1,253.31,186.12
16969,64,2,478.96000000000004,171.45
16976,197,1,251.51999999999998,0.0
16978,7,1,344.33,0.0
16979,77,2,555.65,1296.35
16980,185,2,1078.96,0.0
16983,26,5,1190.3,740.9499999999999
16984,18,2,4481.35,0.0
16985,18,8,4080.44,1383.68
16987,100,3,629.45,995.6
16989,9,3,928.6500000000001,204.6
16990,148,1,179.0,0.0
16992,28,3,972.35,641.96
16996,51,5,1041.78,415.18
16997,218,3,702.0,0.0
16998,79,4,295.0,0.0
16999,4,1,245.83,238.99
17001,21,8,2793.49,788.4
17002,15,3,1493.73,0.0
17004,22,1,1006.4,406.54
17006,5,1,280.76,501.02
17007,85,5,575.44,314.49
17015,1,2,1569.98,272.58
17017,2,15,6246.32,2447.94
17018,255,1,405.0,515.1
17019,191,3,995.93,276.68
17024,29,2,56.25,39.599999999999994
17025,303,2,160.97,196.8
17026,115,2,154.82999999999998,0.0
17027,8,6,890.29,0.0
17029,40,2,716.0,0.0
17031,84,1,225.95,154.4
17033,16,3,1030.14,0.0
17034,9,2,364.88,380.64
17035,175,2,433.53000000000003,0.0
17037,17,1,1267.32,0.0
17040,67,1,449.73,0.0
17041,38,2,750.89,330.68
17042,51,4,922.8199999999999,121.56
17043,108,2,324.96999999999997,1410.21
17045,43,3,339.44,0.0
17046,87,1,642.02,0.0
17047,15,3,1100.9,0.0
17048,47,3,925.35,0.0
17049,14,6,3241.84,2418.14
17050,26,6,3228.84,0.0
17051,124,1,247.14000000000001,0.0
17053,60,1,498.48,0.0
17054,67,4,1207.32,149.01
17058,11,3,1179.89,0.0
17059,40,4,2250.1,844.94
17060,196,1,234.24,0.0
17061,3,11,5232.2300000000005,0.0
17062,243,4,538.37,0.0
17063,93,4,671.87,789.27
17064,112,2,461.3,398.05
17068,14,17,3826.69,725.45
17069,7,7,2058.91,650.79
17070,44,1,312.14,0.0
17071,18,7,1694.22,734.8100000000001
17073,12,2,841.1899999999999,604.9
17075,183,3,696.07,138.05
17076,203,2,334.2,506.88
17079,8,1,118.80000000000001,0.0
17080,199,1,76.32000000000001,211.29999999999998
17082,248,1,636.94,1366.91
17083,39,3,1405.78,0.0
17085,53,5,1566.65,0.0
17088,2,3,1751.73,239.28
17090,18,5,1517.51,526.44
17091,28,7,2692.0,1135.76
17092,17,3,989.6700000000001,788.11
17094,252,1,302.0,0.0
17095,229,2,543.96,780.1999999999999
17096,73,2,443.94,578.19
17097,30,6,639.53,314.89
17101,108,1,230.57999999999998,1391.15
17102,191,1,25.5,0.0
17105,89,2,665.78,0.0
17107,5,4,8516.77,2298.66
17109,162,2,464.59000000000003,420.45
17110,95,1,163.29999999999998,0.0
17114,68,6,603.59,205.03
17115,112,2,612.82,224.68
17117,218,1,116.19999999999999,0.0
17118,247,1,157.02,0.0
17120,163,1,307.46,0.0
17122,49,1,138.32,0.0
17123,91,1,345.29999999999995,0.0
17124,115,1,298.89,0.0
17126,82,5,1004.75,0.0
17128,264,1,157.09,0.0
17131,5,1,789.77,1673.4
17133,17,4,4137.6900000000005,754.5500000000001
17134,36,2,425.0,0.0
17135,219,2,500.55,639.18
17138,205,1,380.5,0.0
17139,18,8,8387.06,2281.41
17140,177,1,465.32,0.0
17142,169,1,579.0,0.0
17144,14,1,595.89,388.68
17146,35,3,749.78,0.0
17147,10,3,1349.3,365.29
17152,124,3,1689.5,0.0
17154,5,1,329.34,0.0
17155,107,1,143.3,108.39999999999999
17157,106,1,161.46,157.54000000000002
17158,162,2,698.55,568.42
17159,5,2,926.67,612.21
17160,39,5,3001.18,516.85
17162,61,9,1463.66,251.8
17163,8,1,123.10000000000001,170.0
17164,9,4,2016.26,451.09000000000003
17165,214,1,158.68,0.0
17166,133,1,127.59,78.75
17169,113,1,308.68,527.1
17171,219,1,224.91,0.0
17172,8,1,317.76,0.0
17173,46,2,961.26,2805.34
17174,147,1,59.9,0.0
17175,71,3,1132.6299999999999,311.06
17176,131,1,306.13,0.0
17179,108,3,711.79,0.0
17180,171,3,564.86,231.17
17181,303,1,155.52,84.39999999999999
17183,35,1,329.67,3017.64
17187,156,1,203.95,0.0
17188,94,5,1815.09,659.14
17189,36,2,384.40000000000003,0.0
17190,137,1,195.0,249.74
17191,24,6,1562.96,532.17
17193,16,3,747.6,951.7
17194,203,2,262.62,0.0
17198,295,2,521.66,170.56
17204,105,4,1564.56,0.0
17211,110,6,1464.89,852.33
17212,183,1,226.85,0.0
17213,71,5,1780.01,1001.22
17214,15,5,864.12,205.0
17217,164,1,113.5,0.0
17218,1,7,1360.6,600.12
17220,1,11,2620.71,577.54
17223,240,2,426.79,0.0
17226,238,1,393.49,0.0
17227,102,3,473.75,465.57000000000005
17228,17,5,1056.3,849.79
17229,26,2,318.76,0.0
17230,194,8,3638.41,0.0
17231,56,7,1938.72,1235.6
17234,112,1,149.89000000000001,0.0
17235,302,1,341.9,208.16
17236,109,5,697.73,218.4
17238,14,12,2224.23,1520.42
17239,242,1,382.5,0.0
17242,38,2,1135.04,0.0
17243,8,17,4702.86,3973.99
17245,134,1,171.45,0.0
17248,50,1,318.65,0.0
17250,191,1,162.65,221.87
17251,292,1,283.28000000000003,0.0
17252,46,2,353.86,0.0
17255,229,1,112.46,185.95
17256,37,2,240.0,0.0
17259,78,2,603.37,0.0
17262,157,4,955.3600000000001,298.0
17263,138,1,63.440000000000005,0.0
17265,68,2,562.9,0.0
17266,77,1,113.06,197.58
17267,57,2,317.62,0.0
17268,37,4,763.64,0.0
17272,129,2,1409.44,739.1899999999999
17277,157,2,1065.3500000000001,0.0
17278,171,1,246.04,0.0
17282,60,3,1703.41,0.0
17284,50,5,1494.1399999999999,158.44
17287,4,6,880.3,183.81
17288,137,5,663.7,756.03
17289,110,1,167.35999999999999,777.05
17291,238,1,550.8000000000001,0.0
17293,15,6,1117.37,757.74
17298,31,2,498.42,0.0
17299,19,3,578.05,91.06
17302,52,3,661.61,474.02
17303,291,1,250.04,0.0
17306,1,16,7206.24,1425.0700000000002
17309,25,1,82.75,0.0
17311,8,2,1384.85,0.0
17312,68,3,644.3,0.0
17314,78,5,1506.92,1021.0
17315,5,32,4937.84,1354.4199999999998
17317,19,1,2027.94,572.4
17320,30,3,1200.6200000000001,0.0
17323,54,4,537.25,383.82
17324,261,2,702.23,288.0
17325,210,1,96.8,0.0
17329,245,1,243.36,279.75
17331,53,1,175.2,0.0
17333,15,1,494.25,0.0
17334,232,2,307.02,0.0
17337,81,4,2027.8700000000001,0.0
17338,44,7,5207.02,1436.91
17339,24,2,243.36,0.0
17340,10,10,8459.5,3893.79
17341,86,3,781.36,0.0
17343,285,1,193.64,0.0
17345,23,3,284.13,253.60999999999999
17346,33,8,1266.21,1410.35
17347,16,1,228.96,0.0
17348,1,2,660.61,498.91
17349,109,1,110.75,0.0
17351,99,2,427.3,159.85
17353,59,2,1740.0,0.0
17356,241,1,178.22,0.0
17358,233,2,365.85,0.0
17360,114,1,330.95,254.84
17361,116,2,263.92,224.28
17362,169,2,312.23,0.0
17364,67,6,2633.81,1426.85
17365,17,6,3497.48,1304.08
17367,168,1,168.4,0.0
17368,23,6,1635.67,277.0
17370,2,4,446.18,0.0
17371,291,1,97.63,326.26
17372,96,6,1061.13,281.55
17373,1,3,433.52,213.4
17374,148,2,495.77,0.0
17375,129,3,400.1,0.0
17376,241,1,105.85,97.35
17377,4,11,2336.27,1764.65
17381,29,24,18261.65,2013.96
17384,149,1,227.65,108.75
17386,29,5,1697.3400000000001,989.08
17388,7,4,1259.56,0.0
17389,4,26,13595.539999999999,17496.239999999998
17391,93,2,508.8,0.0
17392,236,2,457.91,0.0
17394,149,1,203.86999999999998,0.0
17396,78,6,4801.8,2529.0
17398,44,3,653.38,0.0
17400,56,5,2129.96,0.0
17402,15,9,1847.6499999999999,786.1999999999999
17404,17,11,25118.38,6788.4400000000005
17405,2,2,883.01,148.4
17406,263,3,2200.42,0.0
17408,93,1,32.65,0.0
17409,114,2,771.85,0.0
17410,26,2,419.55,795.17
17411,5,2,569.44,209.5
17412,126,4,709.82,548.24
17414,114,1,598.0,180.0
17415,9,1,507.84,0.0
17416,7,6,5878.81,1014.61
17418,253,1,167.39000000000001,296.07
17419,73,8,2660.0,1566.57
17420,101,2,391.51,207.32
17422,23,5,1698.97,280.4
17423,147,1,449.42,248.99
17426,21,4,4280.59,756.6700000000001
17427,1,1,100.8,0.0
17428,15,21,14751.37,2089.88
17429,58,3,524.9200000000001,0.0
17430,295,1,112.6,153.16
17431,243,1,403.3,0.0
17433,18,1,303.15999999999997,0.0
17434,15,1,499.56,1874.26
17436,156,1,122.39999999999999,93.89999999999999
17438,183,1,388.45000000000005,0.0
17440,86,3,186.42000000000002,0.0
17442,23,5,1921.69,326.87
17443,149,1,534.24,0.0
17444,77,3,2940.04,0.0
17446,106,2,120.9,0.0
17447,1,1,372.48,169.05
17449,24,4,1497.55,1023.3100000000001
17450,10,31,158062.98,36487.81
17451,11,2,560.98,1160.42
17454,122,4,517.53,0.0
17455,133,1,131.7,0.0
17456,295,1,249.86,0.0
17457,56,5,1737.7,0.0
17460,24,6,622.4300000000001,0.0
17462,214,1,463.40999999999997,212.28
17463,106,3,1245.64,650.77
17464,88,1,289.96000000000004,0.0
17466,8,1,460.41,302.87
17469,2,4,1492.07,378.90000000000003
17470,57,4,816.47,308.6
17472,121,3,710.29,0.0
17475,9,1,194.37,0.0
17480,7,1,511.82,0.0
17481,23,1,260.63,994.96
17483,64,2,274.74,139.3
17486,191,1,396.87,0.0
17489,142,1,208.56,168.07999999999998
17490,3,3,1014.5,347.12
17491,4,7,2423.62,1135.25
17492,178,1,374.57,0.0
17496,288,1,271.05,0.0
17498,5,1,272.22,0.0
17499,219,1,622.88,0.0
17501,150,2,288.6,0.0
17504,136,9,2997.0299999999997,0.0
17505,91,2,1145.84,0.0
17506,5,1,302.2,0.0
17507,191,2,605.58,0.0
17508,210,1,387.31,0.0
17511,3,23,64405.39,26656.99
17512,51,8,1891.9,1033.09
17513,2,1,513.2,0.0
17514,58,1,208.65,0.0
17515,136,3,571.37,67.65
17516,49,4,608.85,159.23
17517,238,1,153.94,0.0
17519,63,5,1488.0,356.02
17521,129,1,159.56,563.65
17522,68,4,912.25,158.45999999999998
17524,291,1,145.0,0.0
17525,289,1,422.70000000000005,0.0
17526,220,3,872.8,323.1
17527,10,3,788.22,151.15
17528,1,2,1107.08,2521.42
17530,15,7,1763.41,621.59
17531,120,1,296.7,0.0
17535,210,1,164.4,0.0
17536,107,1,76.5,0.0
17537,233,1,630.7,266.92
17540,246,1,268.8,310.1
17542,199,1,170.75,0.0
17548,163,1,103.3,0.0
17550,127,3,267.16,0.0
17551,289,1,306.84,0.0
17552,1,3,913.91,16.5
17553,59,1,1487.6,0.0
17554,52,2,1249.89,702.5600000000001
17555,264,1,195.45,287.81
17556,135,1,157.9,0.0
17557,11,1,288.36,253.1
17560,24,4,854.95,0.0
17562,17,5,852.88,269.5
17564,10,1,119.12,334.89
17567,22,6,2925.45,1406.03
17569,262,1,344.14,0.0
17571,75,3,561.2,937.31
17572,1,4,226.75000000000003,0.0
17573,15,2,182.21,198.39000000000001
17574,172,1,185.65,0.0
17576,3,16,2778.15,844.53
17578,148,1,143.45999999999998,0.0
17579,67,2,270.86,178.04
17580,182,3,215.72,0.0
17581,8,19,8378.07,1682.29
17582,166,1,175.27,0.0
17584,57,1,749.45,492.85
17585,39,4,1133.07,0.0
17588,30,3,1240.2,0.0
17589,81,3,1843.07,561.1
17591,3,7,2225.9700000000003,0.0
17593,21,4,3249.14,678.2
17594,15,2,993.18,0.0
17596,66,4,1738.73,1089.2
17597,143,1,2044.3700000000001,0.0
17601,169,1,116.00999999999999,0.0
17602,15,3,2153.9900000000002,2948.98
17603,8,1,394.72,0.0
17604,147,2,309.36,0.0
17609,3,3,751.04,361.18
17611,2,10,3016.72,967.5
17612,25,5,1682.94,365.51
17613,11,10,3781.13,778.0200000000001
17615,60,3,329.6,0.0
17616,103,3,571.1999999999999,0.0
17618,178,2,666.78,304.8
17619,242,1,218.52,0.0
17621,242,2,901.78,478.12
17624,148,1,400.3,443.18
17625,70,2,1234.78,812.22
17628,11,1,75.75,0.0
17629,50,5,798.38,1015.74
17630,99,2,503.59999999999997,0.0
17631,67,2,416.5,111.83
17633,1,3,1004.5,320.34000000000003
17634,22,7,2080.45,281.52
17637,45,1,338.95,208.11
17639,206,1,108.5,0.0
17640,16,1,621.66,0.0
17642,49,2,712.29,0.0
17643,303,1,101.55,0.0
17644,8,8,2132.67,762.97
17646,149,3,1008.39,0.0
17648,122,3,1107.39,690.11
17649,68,1,868.49,0.0
17651,9,5,1800.86,2144.14
17652,14,7,3202.02,1665.7
17653,29,2,343.34,864.22
17654,207,1,117.55,0.0
17655,46,5,1903.3300000000002,735.61
17656,3,5,1674.69,0.0
17658,141,1,317.59999999999997,277.82
17659,30,9,1653.03,1346.43
17660,71,1,196.0,0.0
17663,14,5,1287.81,515.1
17664,142,1,326.19,278.45
17667,91,4,1751.01,304.5
17669,15,6,3194.72,212.0
17670,157,1,205.7,0.0
17671,87,3,1098.55,474.16
17672,239,1,1177.8400000000001,2000.33
17673,92,4,1209.77,419.35
17674,4,2,551.04,0.0
17675,31,23,14074.19,6300.09
17676,39,4,730.84,656.84
17677,12,22,12721.03,3642.2
17678,193,1,298.11,0.0
17679,15,1,1643.2,348.91
17682,45,5,1899.3500000000001,574.98
17685,18,6,2799.13,392.40000000000003
17686,10,6,5110.09,629.37
17690,31,11,3526.68,1231.27
17691,288,2,290.40000000000003,0.0
17692,57,4,740.9399999999999,0.0
17693,67,1,200.47,0.0
17694,71,1,283.12,0.0
17695,61,2,765.34,0.0
17696,38,7,1915.5900000000001,370.12
17697,166,1,338.95,0.0
17698,190,1,154.95,0.0
17700,24,3,1681.83,852.8100000000001
17701,182,1,417.95,0.0
17702,38,3,1338.77,485.6
17703,39,2,490.96,307.78
17704,98,2,885.19,0.0
17705,4,7,1191.92,631.6
17706,30,12,8027.5,2476.9900000000002
17707,115,2,152.4,0.0
17708,117,2,267.08,0.0
17709,99,1,137.45,0.0
17711,219,1,220.53000000000003,164.57
17714,250,1,153.0,0.0
17715,130,1,326.4,0.0
17716,5,9,5002.31,653.6800000000001
17718,162,1,139.35,0.0
17719,5,14,5088.9,307.14
17720,43,3,887.6,308.34
17722,26,4,2424.04,0.0
17723,57,6,3276.4000000000005,0.0
17724,1,3,1033.0,0.0
17725,30,8,2507.12,931.9599999999999
17728,16,1,345.03000000000003,2530.98
17730,8,9,3547.33,1751.15
17731,9,4,1240.11,0.0
17732,302,1,303.97,0.0
17733,191,1,216.95000000000002,475.24
17734,66,2,540.21,160.42
17735,23,16,11091.24,2018.78
17736,43,1,307.49,69.95
17738,78,3,1571.49,307.56
17739,1,4,1612.93,1178.42
17742,43,2,355.11,0.0
17744,180,4,1288.96,1033.44
17746,170,1,110.25,0.0
17747,42,1,71.4,0.0
17749,108,2,674.52,0.0
17750,12,6,1401.09,396.48
17752,289,1,80.64,0.0
17754,72,2,575.06,996.21
17757,17,21,3481.64,2123.65
17758,9,5,2122.23,1334.47
17759,99,2,167.15,667.84
17760,303,1,172.54,115.05
17763,193,1,15.0,0.0
17764,141,1,261.97,556.85
17765,88,3,371.88,0.0
17768,96,1,411.33,1861.8500000000001
17769,68,4,1828.73,2169.25
17770,128,5,1143.27,0.0
17771,253,1,115.8,130.01
17774,26,4,1225.41,0.0
17775,184,1,56.4,0.0
17777,30,1,194.7,471.16
17779,17,2,489.51,169.06
17781,89,2,188.02,0.0
17783,2,2,283.47,0.0
17786,15,2,278.74,0.0
17787,82,4,1865.19,0.0
17788,3,2,1117.9,0.0
17789,211,1,225.9,0.0
17790,50,12,1363.51,602.04
17795,109,2,350.39,0.0
17796,243,3,622.0,75.9
17797,112,1,272.41,508.02
17799,29,9,2531.75,524.18
17800,21,7,916.6,282.41
17802,12,3,1285.04,0.0
17805,3,1,512.31,0.0
17809,59,8,2856.71,2555.2
17811,3,27,5228.36,2609.37
17812,298,1,217.54999999999998,514.61
17813,1,1,306.61,1464.27
17816,199,2,21.31,15.25
17817,207,2,269.7,117.97999999999999
17819,1,7,3704.87,0.0
17827,172,4,1583.81,411.65
17828,39,3,1076.66,743.43
17829,228,1,889.24,0.0
17830,191,2,287.65000000000003,111.05
17837,5,4,549.2,1044.18
17838,19,4,2312.7,466.6
17841,2,88,26051.72,14939.85
17843,233,1,205.48,0.0
17844,36,1,51.559999999999995,0.0
17846,15,1,2033.1,0.0
17848,11,9,901.1999999999999,0.0
17849,148,4,605.8000000000001,0.0
17850,302,34,5391.21,0.0
17854,115,2,311.26,0.0
17855,302,1,208.97,0.0
17856,163,3,1142.63,275.4
17857,2,15,14839.52,12039.52
17858,12,10,3922.39,1233.27
17859,234,1,148.21,0.0
17860,298,1,252.8,0.0
17861,66,5,1301.57,799.23
17862,253,1,330.9,0.0
17863,10,5,2127.3,1032.7
17864,19,2,480.72,116.78
17865,9,17,8515.08,2011.24
17866,72,1,329.65,0.0
17867,73,4,957.48,239.62
17869,37,5,428.18,0.0
17870,1,8,909.76,984.59
17871,134,1,155.9,0.0
17873,10,5,1859.16,0.0
17874,115,6,683.46,0.0
17877,100,1,237.61,0.0
17879,103,1,178.51999999999998,0.0
17880,294,1,458.92,0.0
17881,234,1,133.35000000000002,0.0
17883,16,2,197.8,473.97
17884,241,3,602.84,114.61
17886,140,2,396.26,503.35
17887,59,1,111.35,0.0
17888,9,5,365.65,360.4
17889,142,2,203.87,0.0
17890,252,2,602.09,0.0
17891,92,1,203.85999999999999,0.0
17892,85,1,142.1,102.0
17893,155,1,112.25,0.0
17894,1,8,1119.81,0.0
17897,102,3,566.6,0.0
17898,15,2,152.06,0.0
17899,89,1,155.8,0.0
17900,120,2,112.19999999999999,0.0
17905,1,4,800.24,0.0
17906,177,1,72.9,0.0
17908,303,1,243.28,0.0
17912,240,5,311.01,0.0
17913,285,1,218.05,193.54999999999998
17917,186,2,230.46,110.82
17919,18,1,1304.04,0.0
17920,8,10,2633.82,1570.28
17921,78,3,601.76,224.76
17923,212,1,207.50000000000003,0.0
17924,231,2,502.20000000000005,2460.3
17925,302,1,244.08,0.0
17926,63,2,397.29,0.0
17928,176,1,78.25999999999999,134.28
17929,42,3,707.0,136.0
17930,1,3,990.6,749.88
17931,64,2,408.36,0.0
17932,103,2,934.51,397.06
17935,68,2,145.79,0.0
17937,44,5,3614.52,686.7
17939,89,1,99.14,0.0
17940,38,9,3914.44,192.0
17941,60,1,304.56,0.0
17946,163,2,149.57999999999998,0.0
17948,77,1,358.56000000000006,0.0
17949,23,33,48209.2,10301.28
17950,2,3,482.2,0.0
17951,288,2,409.50000000000006,599.0400000000001
17954,53,10,1890.21,442.51
17955,128,4,557.3,0.0
17956,179,1,12.75,0.0
17958,46,1,508.4599999999999,0.0
17960,101,1,73.78,0.0
17961,11,35,1266.64,29.8
17962,72,1,102.83,0.0
17964,302,1,261.76,209.94
17965,21,12,2271.04,351.53
17966,81,4,594.43,504.0
17967,301,1,123.07,0.0
17968,303,1,277.35,0.0
17969,96,2,228.2,0.0
17970,141,1,582.59,0.0
17972,171,1,136.04,0.0
17974,149,1,172.77,568.02
17975,44,11,3956.0,532.81
17976,302,1,353.19,0.0
17978,295,1,300.91999999999996,0.0
17979,98,3,504.54,253.17
17980,95,3,811.45,0.0
17984,75,1,152.68,0.0
17987,115,1,198.57,0.0
17988,47,5,146.0,55.12
17990,166,3,630.84,0.0
17991,155,2,93.35,0.0
17994,51,4,678.49,0.0
17995,211,1,76.1,0.0
17997,4,8,1970.6699999999998,0.0
17999,296,1,190.34,191.72
18001,16,1,252.23,165.0
18004,292,1,169.47,0.0
18008,3,8,2107.91,8.28
18009,165,1,257.34,0.0
18010,186,1,174.8,0.0
18011,303,1,102.78999999999999,0.0
18013,85,2,187.29,0.0
18016,4,4,1113.31,370.25
18017,11,3,523.0,0.0
18018,38,2,122.14,0.0
18024,82,2,389.78,0.0
18027,28,1,115.31,0.0
18032,264,1,73.5,0.0
18036,35,2,254.54,151.07999999999998
18037,84,6,70.02,0.0
18040,175,1,239.0,118.2
18041,7,17,3218.3,965.09
18043,136,2,451.81,107.7
18044,17,8,1537.5,551.1
18048,133,2,172.29000000000002,0.0
18050,289,1,74.4,0.0
18055,14,8,4905.87,1878.32
18056,218,1,363.65,0.0
18061,37,8,1793.51,325.9
18062,103,3,720.52,0.0
18064,63,2,814.0,0.0
18065,16,11,1949.19,443.64
18066,5,1,318.0,0.0
18068,219,1,101.69999999999999,0.0
18069,18,4,1781.97,254.7
18071,187,2,453.0,0.0
18072,115,1,247.44,0.0
18073,44,12,3877.5200000000004,0.0
18074,303,1,489.6,0.0
18075,36,8,1957.75,654.0
18077,33,7,1670.94,962.0699999999999
18078,147,2,336.13,0.0
18079,56,2,2206.18,1445.79
18080,172,1,841.4999999999999,390.0
18081,42,2,208.05,135.4
18085,260,2,689.95,0.0
18086,204,1,101.34,0.0
18087,28,2,4055.7199999999993,0.0
18092,16,9,7155.5199999999995,1912.74
18093,23,4,2106.52,0.0
18094,11,7,3017.3,0.0
18095,242,2,580.0500000000001,0.0
18097,56,5,2011.4,686.4
18099,57,1,168.31,0.0
18101,73,1,110.23,113.42
18102,2,40,180159.41,79028.45
18106,259,1,430.7,0.0
18108,184,1,271.0,0.0
18109,2,19,5162.49,2890.48
18112,96,1,196.64,156.05
18113,298,1,76.32000000000001,0.0
18114,220,1,220.1,0.0
18116,164,7,1254.47,163.56
18118,7,20,4435.33,1218.49
18119,297,1,181.12,0.0
18120,144,1,111.15,0.0
18121,79,2,673.1,0.0
18122,14,2,321.13,1505.08
18125,131,3,945.14,197.85
18127,63,1,139.6,209.13
18129,173,1,112.55000000000001,0.0
18133,142,1,931.4999999999999,0.0
18135,10,2,233.47,448.44000000000005
18136,141,2,600.85,183.48000000000002
18138,225,1,152.65,0.0
18142,87,2,1019.52,0.0
18143,46,2,1000.16,0.0
18144,8,10,2341.75,547.0
18145,17,3,2103.25,758.3
18146,70,2,160.35000000000002,0.0
18147,38,1,98.88,80.46
18149,145,2,549.68,62.400000000000006
18150,70,2,413.28,153.3
18151,64,2,653.35,0.0
18155,5,3,371.62,0.0
18156,299,1,206.23000000000002,528.71
18158,18,1,343.8,109.6
18159,231,1,530.15,0.0
18160,130,1,318.55,319.51
18161,70,3,771.26,847.4300000000001
18165,107,1,302.46000000000004,0.0
18167,35,1,498.48,886.3800000000001
18168,106,6,1169.94,0.0
18170,42,2,655.51,324.8
18171,29,4,994.3100000000001,237.0
18172,8,14,6373.44,1188.24
18173,16,4,2106.84,0.0
18176,288,1,476.35,0.0
18177,87,5,1037.82,303.6
18178,58,4,1590.81,0.0
18179,182,4,1103.16,690.01
18180,10,4,1206.36,637.39
18183,157,2,632.07,0.0
18185,179,1,304.25,0.0
18188,7,2,1608.28,392.76
18189,7,2,1090.24,0.0
18190,122,2,284.46000000000004,0.0
18191,191,1,207.79999999999998,0.0
18192,1,1,957.97,0.0
18193,95,1,243.76,0.0
18194,12,1,973.8399999999999,0.0
18196,25,2,689.13,0.0
18198,1,15,4804.030000000001,621.53
18200,36,1,163.8,0.0
18202,129,3,1396.99,0.0
18203,87,1,160.42000000000002,0.0
18204,1,3,1993.7,0.0
18205,4,1,225.76,291.6
18210,197,1,142.4,2478.98
18211,15,3,420.2,179.87
18212,256,1,248.42,0.0
18213,166,1,232.48000000000002,0.0
18215,19,1,299.34000000000003,0.0
18218,141,2,662.08,0.0
18219,79,8,1367.13,702.64
18220,156,1,305.28000000000003,0.0
18221,45,3,706.86,334.75
18222,22,1,443.0,0.0
18223,26,11,4036.34,2448.2000000000003
18224,193,1,158.95000000000002,0.0
18225,14,8,3918.96,1590.16
18226,11,10,4735.55,492.5
18227,147,1,93.75,0.0
18228,9,1,420.39,359.51
18229,16,15,5539.06,1737.8400000000001
18230,24,5,2146.36,663.84
18231,122,5,2083.27,0.0
18232,11,4,592.97,0.0
18233,255,1,440.0,0.0
18235,1,3,1796.48,0.0
18236,9,5,773.74,108.5
18237,21,3,725.55,261.55
18239,148,5,1561.6100000000001,0.0
18241,4,13,1643.92,429.17
18242,2,4,2232.4900000000002,0.0
18245,79,6,1672.81,894.25
18246,163,1,232.9,363.2
18248,52,2,804.02,0.0
18250,240,1,349.27,0.0
18251,17,1,4314.72,0.0
18252,101,1,69.89999999999999,456.77
18255,19,1,103.3,0.0
18257,44,5,1562.8700000000001,774.76
18259,15,2,1268.2,1070.4
18260,102,6,2643.2000000000003,0.0
18261,25,1,224.8,99.44
18262,70,1,149.48,0.0
18263,85,2,811.4,401.76
18265,2,2,801.51,0.0
18268,64,1,25.5,0.0
18269,296,1,168.6,0.0
18270,196,1,111.95,171.20000000000002
18272,43,4,2106.45,972.13
18273,25,2,153.0,51.0
18278,3,1,173.9,0.0
18280,207,1,180.60000000000002,0.0
18281,110,1,80.82,0.0
18282,56,1,100.21000000000001,77.84
18283,25,10,1120.67,974.21
18287,131,1,765.28,1072.0
